"tm","hgv","ddb","series","volume","document","aquila ddbSerIDP","aquila ddbSer","aquila ddbVol","aquila ddbDoc"
"25457","25457","aegyptus;89;240","aegyptus","89","240","p.flor","p.flor","3","324"
"17644","17644","basp;47;46","basp","47","46","psi","psi","7","731"
"21349","21349","basp;49;135","basp","49","135","p.mich","p.mich","3","219"
"31374","31374","basp;49;83","basp","49","83","p.tebt","p.tebt","2","583"
"28663","28663","basp;50;112","basp","50","112","p.fay","p.fay","","344v"
"13612","13612","basp;50;125","basp","50","125","p.tebt","p.tebt","2","562"
"13594","13594","basp;50;40","basp","50","40","p.tebt","p.tebt","2","519"
"13503","13503","basp;50;45","basp","50","45","p.tebt","p.tebt","2","348"
"25730","25730","basp;50;89","basp","50","89","p.fay","p.fay","","344r"
"8882","8882","bgu;1;108","bgu","1","108","chr.wilck","chr.wilck","","227"
"8929","8929","bgu;1;163","bgu","1","163","sb","sb","24","16258"
"9726","9726","bgu;13;2337","bgu","13","2337","p.dime","","3","22"
"45597","45597","bgu;2;580","bgu","2","580","p.dime","p.dime","3","3"
"9411","9411","bgu;3;911","bgu","3","911","p.dime","","3","7"
"64373","64373","bgu;4;1024","bgu","4","1024","p.aktenbuch","","","pag3_8"
"33053","33053","bgu;4;1025","bgu","4","1025","p.aktenbuch","","","pag15_16"
"14878","14878","bgu;7;1599","bgu","7","1599","sb","sb","20","14382"
"74522","74522","c.ep.lat;;160","c.ep.lat","","160","o.florida","o.florida","","160"
"74523","74523","c.ep.lat;;161","c.ep.lat","","161","o.florida","o.florida","","161"
"74524","74524","c.ep.lat;;162","c.ep.lat","","162","o.florida","o.florida","","162"
"80266","80266","c.etiq.mom;;2077","c.etiq.mom","","2077","c.étiq.mom","c.étiq.mom","","2077"
"38462","38462","c.illum.pap;;31","c.illum.pap","","31","sb","sb","20","14495"
"39685","39685","c.illum.pap;;38","c.illum.pap","","38","sb","sb","20","14498"
"38463","38463","c.illum.pap;;45","c.illum.pap","","45","sb","sb","20","14499"
"8871","8871","c.illum.pap;;54","c.illum.pap","","54","sb","sb","20","14500"
"11964","11964","c.pap.gr;1;17","c.pap.gr","1","17","p.mich","p.mich","2","121"
"12886","12886","c.pap.gr;1;30","c.pap.gr","1","30","p.ross.georg","p.ross.georg","2","18"
"12886","12886","c.pap.gr;1;31","c.pap.gr","1","31","p.ross.georg","p.ross.georg","2","18"
"22343","22343","c.pap.gr;1;36","c.pap.gr","1","36","p.lips","p.lips","1","31"
"35728","35728","chla;10;407","chla","10","407","sb","sb","1","5357"
"63754","63754","chla;10;422","chla","10","422","bgu","bgu","7","1689v"
"17284","17284","chla;10;463","chla","10","463","p.berl.zill","p.berl.zill","","4"
"18007","18007","chla;10;464","chla","10","464","sb","sb","5","8028"
"9619","9619","chla;11;465","chla","11","465","bgu","bgu","11","2116"
"14400","14400","chla;11;466","chla","11","466","sb","sb","12","11043,r"
"14401","14401","chla;11;467","chla","11","467","sb","sb","12","11043,v"
"59129","59129","chla;11;485","chla","11","485","p.freib","p.freib","1","2"
"23051","23051","chla;11;486","chla","11","486","sb","sb","1","1010"
"69977","69977","chla;11;487","chla","11","487","c.ep.lat","c.ep.lat","","212"
"78416","78416","chla;11;489","chla","11","489","p.iand","p.iand","4","68a"
"28696","28696","chla;11;496","chla","11","496","p.hamb","p.hamb","1","72"
"22346","22346","chla;12;524","chla","12","524","p.lips","p.lips","1","35"
"22344","22344","chla;12;525","chla","12","525","chr.mitt","chr.mitt","","55"
"70010","70010","chla;28;864","chla","28","864","p.ital","p.ital","2","43"
"11654","11654","chla;3;200","chla","3","200","p.lond","p.lond","2","229,pgxxi"
"19671","19671","chla;3;209","chla","3","209","p.lond","p.lond","5","1647"
"19773","19773","chla;3;210","chla","3","210","p.lond","p.lond","5","1825"
"78802","78802","chla;3;217","chla","3","217","p.thomas","p.thomas","","25"
"13022","13022","chla;4;248","chla","4","248","p.ryl","p.ryl","4","611"
"33693","33693","chla;4;263","chla","4","263","p.oxy","p.oxy","22","2352"
"69879","69879","chla;4;264","chla","4","264","p.oxy","p.oxy","3","454"
"20419","20419","chla;4;269","chla","4","269","p.oxy","p.oxy","4","720"
"18367","18367","chla;41;1187","chla","41","1187","sb","sb","18","13295"
"78302","78302","chla;41;1188","chla","41","1188","sb","","28","17038"
"30994","30994","chla;41;1189","chla","41","1189","sb","sb","18","13296"
"36517","36517","chla;41;1192","chla","41","1192","p.cair.masp","p.cair.masp","3","67280"
"18444","18444","chla;41;1193","chla","41","1193","p.cair.masp","p.cair.masp","3","67320"
"18454","18454","chla;41;1194","chla","41","1194","p.cair.masp","p.cair.masp","3","67329"
"18994","18994","chla;41;1195","chla","41","1195","p.cair.masp","p.cair.masp","1","67030"
"18995","18995","chla;41;1196","chla","41","1196","p.cair.masp","p.cair.masp","1","67031"
"18859","18859","chla;41;1198","chla","41","1198","sb","sb","3","7181"
"10410","10410","chla;41;1201","chla","41","1201","p.cair.isid","p.cair.isid","","8"
"10379","10379","chla;41;1203","chla","41","1203","p.cair.isid","p.cair.isid","","5"
"20991","20991","chla;42;1207","chla","42","1207","p.fouad","p.fouad","","45"
"26202","26202","chla;42;1209","chla","42","1209","p.quseir","p.quseir","","19"
"78528","78528","chla;42;1215","chla","42","1215","p.mich","p.mich","7","449"
"42956","42956","chla;42;1222","chla","42","1222","p.mich","p.mich","7","448"
"35065","35065","chla;42;1226","chla","42","1226","psi","psi","13","1309"
"78737","78737","chla;42;1238","chla","42","1238","p.rain.cent","p.rain.cent","","164"
"70035","70035","chla;43;1243","chla","43","1243","stud.pal","stud.pal","14","12B"
"23792","23792","chla;43;1246","chla","43","1246","sb","sb","20","14688"
"78520","78520","chla;5;278","chla","5","278","p.mich","p.mich","7","433"
"78513","78513","chla;5;280","chla","5","280","p.mich","p.mich","3","159"
"78525","78525","chla;5;286","chla","5","286","p.mich","p.mich","7","443"
"21331","21331","chla;5;290","chla","5","290","p.mich","p.mich","3","165"
"78524","78524","chla;5;295","chla","5","295","p.mich","p.mich","7","442"
"69900","69900","chla;5;302","chla","5","302","c.ep.lat","c.ep.lat","","164"
"44812","44812","chla;7;336","chla","7","336","p.dura","p.dura","","81"
"44817","44817","chla;7;341","chla","7","341","p.dura","p.dura","","86"
"44819","44819","chla;7;343","chla","7","343","p.dura","p.dura","","88"
"44821","44821","chla;7;345","chla","7","345","p.dura","p.dura","","90"
"44822","44822","chla;7;346","chla","7","346","p.dura","p.dura","","91"
"44823","44823","chla;7;347","chla","7","347","p.dura","p.dura","","92"
"44824","44824","chla;7;348","chla","7","348","p.dura","p.dura","","93"
"44826","44826","chla;7;349","chla","7","349","p.dura","p.dura","","94"
"44827","44827","chla;7;350","chla","7","350","p.dura","p.dura","","95"
"44828","44828","chla;7;351","chla","7","351","p.dura","p.dura","","96"
"44829","44829","chla;7;352","chla","7","352","p.dura","p.dura","","97"
"44834","44834","chla;9;357","chla","9","357","p.dura","p.dura","","102"
"44837","44837","chla;9;360","chla","9","360","p.dura","p.dura","","105"
"44838","44838","chla;9;361","chla","9","361","p.dura","p.dura","","106"
"44839","44839","chla;9;362","chla","9","362","p.dura","p.dura","","107"
"44840","44840","chla;9;363","chla","9","363","p.dura","p.dura","","108"
"44841","44841","chla;9;364","chla","9","364","p.dura","p.dura","","109"
"44842","44842","chla;9;365","chla","9","365","p.dura","p.dura","","110"
"44844","44844","chla;9;367","chla","9","367","p.dura","p.dura","","112"
"44846","44846","chla;9;369","chla","9","369","p.dura","p.dura","","114"
"44854","44854","chla;9;377","chla","9","377","p.dura","p.dura","","122"
"44861","44861","chla;9;382","chla","9","382","p.dura","p.dura","","127"
"44862","44862","chla;9;383","chla","9","383","p.dura","p.dura","","128"
"44863","44863","chla;9;384","chla","9","384","p.dura","p.dura","","130"
"78174","78174","chla;9;386","chla","9","386","p.dura","p.dura","","133"
"78175","78175","chla;9;387","chla","9","387","p.dura","p.dura","","134"
"78176","78176","chla;9;388","chla","9","388","p.dura","p.dura","","135"
"78178","78178","chla;9;390","chla","9","390","p.dura","p.dura","","138"
"78179","78179","chla;9;391","chla","9","391","p.dura","p.dura","","139"
"58145","58145","chla;9;392","chla","9","392","p.dura","p.dura","","140"
"78180","78180","chla;9;393","chla","9","393","p.dura","p.dura","","142"
"78181","78181","chla;9;394","chla","9","394","p.dura","p.dura","","143"
"21719","21719","chla;9;401","chla","9","401","p.amh","p.amh","2","182"
"17266","17266","chla;9;402","chla","9","402","p.princ","p.princ","3","143"
"32180","32180","chla;9;404","chla","9","404","sb","sb","20","14386"
"44702","44702","chr.mitt;;181rp,qd","chr.mitt","","181rp,qd","p.dime","","3","5"
"2912","2912","chr.mitt;;3","chr.mitt","","3","p.petr","p.petr","3","21"
"258","258","chr.mitt;;302","chr.mitt","","302","p.dryton","p.dryton","1","4"
"5888","5888","chr.mitt;;35","chr.mitt","","35","p.lond","p.lond","2","220"
"33053","33053","chr.wilck;;422","chr.wilck","","422","p.aktenbuch","","","pag15_16"
"33054","33054","chr.wilck;;424","chr.wilck","","424","p.aktenbuch","","","pag26_27"
"15019","15019","cpr;1;21A,pg124","cpr","1","21A,pg124","stud.pal","stud.pal","20","31"
"7772","7772","cpr;13;12","cpr","13","12","p.count","p.count","","30"
"9916","9916","cpr;15;47","cpr","15","47","p.dime","","3","24"
"19911","19911","cpr;3;10","cpr","3","10","p.lond","p.lond","4","1462,N,r"
"19906","19906","cpr;3;14","cpr","3","14","p.lond","p.lond","4","1462,N,r"
"39823","39823","cpr;3;95","cpr","3","95","p.lond","p.lond","4","1545"
"23168","23168","cpr;4;23","cpr","4","23","sb","sb","1","5287"
"144604","144604","ddbdp;2016;1","ddbdp","2016","1","o.did","o.did","","37"
"89252","89252","ddbdp;2016;2","ddbdp","2016","2","o.berenike","o.berenike","2","226"
"219285","219285","ddbdp;2016;3","ddbdp","2016","3","p.bagnall","p.bagnall","","5r"
"18314","18314","ddbdp;2018;1","ddbdp","2018","1","sb","sb","18","13276"
"29475","29475","o.amst;;8","o.amst","","8","sb","sb","20","14180"
"44066","44066","o.bodl;1;11","o.bodl","1","11","o.theb.taxes","","2","49"
"43679","43679","o.bodl;1;14","o.bodl","1","14","o.theb.taxes","","2","54"
"44069","44069","o.bodl;1;15","o.bodl","1","15","o.theb.taxes","","2","55"
"43677","43677","o.bodl;1;16","o.bodl","1","16","o.theb.taxes","","2","56"
"44071","44071","o.bodl;1;18","o.bodl","1","18","o.theb.taxes","","2","43"
"44072","44072","o.bodl;1;19","o.bodl","1","19","o.theb.taxes","o.theb.taxes","2","46"
"43678","43678","o.bodl;1;25","o.bodl","1","25","o.theb.taxes","","2","60"
"44080","44080","o.bodl;1;29","o.bodl","1","29","o.theb.taxes","o.theb.taxes","2","47"
"44059","44059","o.bodl;1;4","o.bodl","1","4","o.theb.taxes","","2","19"
"72751","72751","o.bodl;2;2078","o.bodl","2","2078","sb","","28","17252"
"72753","72753","o.bodl;2;2080r","o.bodl","2","2080r","sb","","28","17253"
"72754","72754","o.bodl;2;2080v","o.bodl","2","2080v","sb","","28","17253"
"73064","73064","o.bodl;2;2478A","o.bodl","2","2478A","sb","","28","17254"
"26723","26723","o.florida;;24","o.florida","","24","o.flor","o.flor","","24"
"65613","65613","o.leid;;1","o.leid","","1","","","","1"
"63311","63311","o.leid;;2","o.leid","","2","","","","1"
"29499","29499","o.leid;;555","o.leid","","555","sb","sb","20","14602"
"29499","29499","o.leid;;559","o.leid","","559","sb","sb","20","14602"
"40826","40826","o.narm;;104","o.narm","","104","","","","78"
"29646","29646","o.narm;;124","o.narm","","124","sb","","26","16413"
"40826","40826","o.narm;;78","o.narm","","78","","","","78"
"40826","40826","o.narm;;79","o.narm","","79","","","","78"
"34161","34161","o.oasis;;Bahria15","o.oasis","","Bahria15","sb","sb","20","14897"
"75371","75371","o.petr;;112","o.petr","","112","o.petr.mus","","","265"
"75383","75383","o.petr;;124","o.petr","","124","o.petr.mus","","","645"
"75393","75393","o.petr;;134","o.petr","","134","o.petr.mus","","","220"
"75398","75398","o.petr;;139","o.petr","","139","o.petr.mus","","","331"
"75402","75402","o.petr;;143","o.petr","","143","o.petr.mus","","","647"
"50402","50402","o.petr;;144","o.petr","","144","o.petr.mus","","","356"
"75403","75403","o.petr;;145","o.petr","","145","o.petr.mus","","","399"
"75404","75404","o.petr;;146","o.petr","","146","o.petr.mus","","","400"
"75407","75407","o.petr;;149","o.petr","","149","o.petr.mus","","","362"
"75408","75408","o.petr;;150","o.petr","","150","o.petr.mus","","","363"
"75409","75409","o.petr;;151","o.petr","","151","o.petr.mus","","","365"
"75410","75410","o.petr;;152","o.petr","","152","o.petr.mus","","","366"
"75411","75411","o.petr;;153","o.petr","","153","o.petr.mus","","","367"
"75412","75412","o.petr;;154","o.petr","","154","o.petr.mus","","","368"
"75413","75413","o.petr;;155","o.petr","","155","o.petr.mus","","","364"
"75414","75414","o.petr;;156","o.petr","","156","o.petr.mus","","","369"
"75415","75415","o.petr;;157","o.petr","","157","o.petr.mus","","","373"
"75416","75416","o.petr;;158","o.petr","","158","o.petr.mus","","","370"
"75417","75417","o.petr;;159","o.petr","","159","o.petr.mus","","","376"
"75418","75418","o.petr;;160","o.petr","","160","o.petr.mus","","","379"
"75419","75419","o.petr;;161","o.petr","","161","o.petr.mus","","","378"
"75420","75420","o.petr;;162","o.petr","","162","o.petr.mus","","","381"
"75421","75421","o.petr;;163","o.petr","","163","o.petr.mus","","","382"
"75422","75422","o.petr;;164","o.petr","","164","o.petr.mus","","","383"
"75423","75423","o.petr;;165","o.petr","","165","o.petr.mus","","","384"
"75424","75424","o.petr;;166","o.petr","","166","o.petr.mus","","","380"
"75425","75425","o.petr;;167","o.petr","","167","o.petr.mus","","","392"
"75426","75426","o.petr;;168","o.petr","","168","o.petr.mus","","","393"
"75427","75427","o.petr;;169","o.petr","","169","o.petr.mus","","","394"
"75428","75428","o.petr;;170","o.petr","","170","o.petr.mus","","","395"
"75429","75429","o.petr;;171","o.petr","","171","o.petr.mus","","","396"
"75431","75431","o.petr;;173","o.petr","","173","o.petr.mus","","","386"
"75432","75432","o.petr;;174","o.petr","","174","o.petr.mus","","","323"
"75433","75433","o.petr;;175","o.petr","","175","o.petr.mus","","","390"
"75434","75434","o.petr;;176","o.petr","","176","o.petr.mus","","","385"
"75435","75435","o.petr;;177","o.petr","","177","o.petr.mus","","","387"
"75436","75436","o.petr;;178","o.petr","","178","o.petr.mus","","","372"
"75437","75437","o.petr;;179","o.petr","","179","o.petr.mus","","","388"
"75438","75438","o.petr;;180","o.petr","","180","o.petr.mus","","","389"
"75440","75440","o.petr;;182","o.petr","","182","o.petr.mus","","","398"
"75441","75441","o.petr;;183","o.petr","","183","o.petr.mus","","","401"
"75442","75442","o.petr;;184","o.petr","","184","o.petr.mus","","","404"
"75443","75443","o.petr;;185","o.petr","","185","o.petr.mus","","","405"
"75444","75444","o.petr;;186","o.petr","","186","o.petr.mus","","","409"
"75445","75445","o.petr;;187","o.petr","","187","o.petr.mus","","","411"
"75446","75446","o.petr;;188","o.petr","","188","o.petr.mus","","","412"
"75447","75447","o.petr;;189","o.petr","","189","o.petr.mus","","","407"
"75448","75448","o.petr;;190","o.petr","","190","o.petr.mus","","","397"
"75449","75449","o.petr;;191","o.petr","","191","o.petr.mus","","","259"
"75462","75462","o.petr;;204","o.petr","","204","o.petr.mus","","","225"
"75464","75464","o.petr;;206","o.petr","","206","o.petr.mus","","","227"
"75466","75466","o.petr;;208","o.petr","","208","o.petr.mus","","","231"
"75467","75467","o.petr;;209","o.petr","","209","o.petr.mus","","","232"
"75470","75470","o.petr;;212","o.petr","","212","o.petr.mus","","","779"
"75472","75472","o.petr;;214","o.petr","","214","o.petr.mus","","","260"
"75477","75477","o.petr;;219","o.petr","","219","o.petr.mus","","","361"
"75478","75478","o.petr;;220","o.petr","","220","o.petr.mus","","","150"
"44977","44977","o.petr;;236","o.petr","","236","o.petr.mus","","","120"
"44978","44978","o.petr;;237","o.petr","","237","o.petr.mus","","","161"
"44982","44982","o.petr;;241","o.petr","","241","o.petr.mus","","","121"
"44985","44985","o.petr;;244","o.petr","","244","o.petr.mus","","","122"
"44986","44986","o.petr;;245","o.petr","","245","o.petr.mus","","","149"
"44994","44994","o.petr;;253","o.petr","","253","o.petr.mus","","","123"
"44996","44996","o.petr;;255","o.petr","","255","o.petr.mus","","","169"
"45023","45023","o.petr;;282","o.petr","","282","o.petr.mus","","","131"
"45026","45026","o.petr;;285","o.petr","","285","o.petr.mus","","","181"
"45043","45043","o.petr;;302","o.petr","","302","o.petr.mus","","","148"
"75481","75481","o.petr;;305","o.petr","","305","o.petr.mus","","","512"
"75482","75482","o.petr;;306","o.petr","","306","o.petr.mus","","","511"
"75483","75483","o.petr;;307","o.petr","","307","o.petr.mus","","","515"
"75484","75484","o.petr;;308","o.petr","","308","o.petr.mus","","","513"
"75485","75485","o.petr;;309","o.petr","","309","o.petr.mus","","","527"
"75486","75486","o.petr;;310","o.petr","","310","o.petr.mus","","","477"
"75487","75487","o.petr;;311","o.petr","","311","o.petr.mus","","","525"
"75488","75488","o.petr;;312","o.petr","","312","o.petr.mus","","","526"
"75489","75489","o.petr;;313","o.petr","","313","o.petr.mus","","","466"
"75490","75490","o.petr;;314","o.petr","","314","o.petr.mus","","","521"
"75491","75491","o.petr;;316","o.petr","","316","o.petr.mus","","","431"
"75492","75492","o.petr;;317","o.petr","","317","o.petr.mus","","","494"
"75493","75493","o.petr;;318","o.petr","","318","o.petr.mus","","","490"
"75494","75494","o.petr;;319","o.petr","","319","o.petr.mus","","","493"
"75495","75495","o.petr;;320","o.petr","","320","o.petr.mus","","","505"
"75496","75496","o.petr;;321","o.petr","","321","o.petr.mus","","","496"
"75497","75497","o.petr;;322","o.petr","","322","o.petr.mus","","","497"
"75498","75498","o.petr;;323","o.petr","","323","o.petr.mus","","","498"
"75499","75499","o.petr;;324","o.petr","","324","o.petr.mus","","","429"
"75500","75500","o.petr;;325","o.petr","","325","o.petr.mus","","","434"
"75502","75502","o.petr;;327","o.petr","","327","o.petr.mus","","","403"
"75503","75503","o.petr;;328","o.petr","","328","o.petr.mus","","","413"
"75504","75504","o.petr;;329","o.petr","","329","o.petr.mus","","","437"
"75509","75509","o.petr;;334","o.petr","","334","o.petr.mus","","","350"
"75510","75510","o.petr;;335","o.petr","","335","o.petr.mus","","","519"
"75516","75516","o.petr;;341","o.petr","","341","o.petr.mus","","","261"
"75517","75517","o.petr;;342","o.petr","","342","o.petr.mus","","","352"
"75523","75523","o.petr;;348","o.petr","","348","o.petr.mus","","","432"
"75524","75524","o.petr;;349","o.petr","","349","o.petr.mus","","","502"
"75532","75532","o.petr;;357","o.petr","","357","o.petr.mus","","","435"
"75533","75533","o.petr;;358","o.petr","","358","o.petr.mus","","","430"
"75534","75534","o.petr;;360","o.petr","","360","o.petr.mus","","","417"
"75535","75535","o.petr;;361","o.petr","","361","o.petr.mus","","","474"
"75537","75537","o.petr;;363","o.petr","","363","o.petr.mus","","","415"
"75538","75538","o.petr;;364","o.petr","","364","o.petr.mus","","","416"
"75539","75539","o.petr;;365","o.petr","","365","o.petr.mus","","","414"
"75540","75540","o.petr;;366","o.petr","","366","o.petr.mus","","","688"
"75541","75541","o.petr;;367","o.petr","","367","o.petr.mus","","","418"
"75542","75542","o.petr;;368","o.petr","","368","o.petr.mus","","","471"
"75543","75543","o.petr;;369","o.petr","","369","o.petr.mus","","","422"
"75544","75544","o.petr;;370","o.petr","","370","o.petr.mus","","","423"
"75545","75545","o.petr;;371","o.petr","","371","o.petr.mus","","","424"
"75546","75546","o.petr;;372","o.petr","","372","o.petr.mus","","","428"
"75547","75547","o.petr;;373","o.petr","","373","o.petr.mus","","","425"
"75548","75548","o.petr;;374","o.petr","","374","o.petr.mus","","","426"
"75549","75549","o.petr;;375","o.petr","","375","o.petr.mus","","","427"
"75550","75550","o.petr;;376","o.petr","","376","o.petr.mus","","","514"
"75551","75551","o.petr;;377","o.petr","","377","o.petr.mus","","","524"
"75552","75552","o.petr;;378","o.petr","","378","o.petr.mus","","","492"
"75308","75308","o.petr;;38","o.petr","","38","o.petr.mus","","","787"
"75554","75554","o.petr;;380","o.petr","","380","o.petr.mus","","","506"
"75555","75555","o.petr;;381","o.petr","","381","o.petr.mus","","","503"
"75556","75556","o.petr;;382","o.petr","","382","o.petr.mus","","","732"
"75557","75557","o.petr;;383","o.petr","","383","o.petr.mus","","","507"
"75558","75558","o.petr;;384","o.petr","","384","o.petr.mus","","","504"
"75560","75560","o.petr;;386","o.petr","","386","o.petr.mus","","","509"
"75561","75561","o.petr;;387","o.petr","","387","o.petr.mus","","","508"
"75564","75564","o.petr;;390","o.petr","","390","o.petr.mus","","","436"
"75565","75565","o.petr;;391","o.petr","","391","o.petr.mus","","","482"
"75568","75568","o.petr;;394","o.petr","","394","o.petr.mus","","","483"
"75569","75569","o.petr;;395","o.petr","","395","o.petr.mus","","","478"
"75570","75570","o.petr;;396","o.petr","","396","o.petr.mus","","","576"
"75574","75574","o.petr;;417","o.petr","","417","o.petr.mus","","","605"
"75577","75577","o.petr;;420","o.petr","","420","o.petr.mus","","","528"
"75578","75578","o.petr;;421","o.petr","","421","o.petr.mus","","","529"
"75579","75579","o.petr;;422","o.petr","","422","o.petr.mus","","","530"
"75580","75580","o.petr;;423","o.petr","","423","o.petr.mus","","","531"
"75581","75581","o.petr;;424","o.petr","","424","o.petr.mus","","","532"
"75582","75582","o.petr;;425","o.petr","","425","o.petr.mus","","","533"
"75583","75583","o.petr;;426","o.petr","","426","o.petr.mus","","","534"
"75584","75584","o.petr;;427","o.petr","","427","o.petr.mus","","","535"
"75585","75585","o.petr;;428","o.petr","","428","o.petr.mus","","","536"
"75587","75587","o.petr;;430","o.petr","","430","o.petr.mus","","","538"
"75588","75588","o.petr;;431","o.petr","","431","o.petr.mus","","","539"
"75589","75589","o.petr;;432","o.petr","","432","o.petr.mus","","","540"
"75590","75590","o.petr;;433","o.petr","","433","o.petr.mus","","","541"
"75591","75591","o.petr;;434","o.petr","","434","o.petr.mus","","","542"
"75592","75592","o.petr;;435","o.petr","","435","o.petr.mus","","","543"
"75593","75593","o.petr;;436","o.petr","","436","o.petr.mus","","","544"
"75594","75594","o.petr;;437","o.petr","","437","o.petr.mus","","","545"
"75595","75595","o.petr;;438","o.petr","","438","o.petr.mus","","","546"
"75596","75596","o.petr;;439","o.petr","","439","o.petr.mus","","","547"
"75597","75597","o.petr;;440","o.petr","","440","o.petr.mus","","","548"
"75598","75598","o.petr;;441","o.petr","","441","o.petr.mus","","","690"
"75599","75599","o.petr;;442","o.petr","","442","o.petr.mus","","","549"
"75600","75600","o.petr;;443","o.petr","","443","o.petr.mus","","","550"
"75601","75601","o.petr;;444","o.petr","","444","o.petr.mus","","","551"
"75608","75608","o.petr;;453","o.petr","","453","o.petr.mus","","","585"
"75617","75617","o.petr;;464","o.petr","","464","o.petr.mus","","","571"
"75619","75619","o.petr;;466","o.petr","","466","o.petr.mus","","","573"
"75620","75620","o.petr;;468","o.petr","","468","o.petr.mus","","","574"
"75621","75621","o.petr;;469","o.petr","","469","o.petr.mus","","","615"
"75623","75623","o.petr;;473","o.petr","","473","o.petr.mus","","","552"
"75322","75322","o.petr;;58","o.petr","","58","o.petr.mus","","","778"
"75333","75333","o.petr;;70","o.petr","","70","o.petr.mus","","","640"
"75335","75335","o.petr;;72","o.petr","","72","o.petr.mus","","","642"
"50297","50297","o.petr;;76","o.petr","","76","o.petr.mus","","","239"
"75342","75342","o.petr;;80","o.petr","","80","o.petr.mus","","","230"
"75344","75344","o.petr;;82","o.petr","","82","o.petr.mus","","","263"
"75346","75346","o.petr;;84","o.petr","","84","o.petr.mus","","","262"
"75348","75348","o.petr;;86","o.petr","","86","o.petr.mus","","","233"
"50298","50298","o.petr;;89","o.petr","","89","o.petr.mus","","","219"
"50299","50299","o.petr;;90","o.petr","","90","o.petr.mus","","","303"
"75351","75351","o.petr;;91+97","o.petr","","91+97","o.petr.mus","","","248"
"75352","75352","o.petr;;92","o.petr","","92","o.petr.mus","","","235"
"75353","75353","o.petr;;93","o.petr","","93","o.petr.mus","","","234"
"75357","75357","o.petr;;98","o.petr","","98","o.petr.mus","","","316"
"23724","23724","o.stras;1;259","o.stras","1","259","sb","sb","20","14384"
"43693","43693","o.wilck;;1227","o.wilck","","1227","o.theb.taxes","","2","57"
"50792","50792","o.wilck;;1337","o.wilck","","1337","o.theb.taxes","","2","20"
"50793","50793","o.wilck;;1340","o.wilck","","1340","o.theb.taxes","","2","31"
"77708","77708","o.wilck;;1373","o.wilck","","1373","o.petr.mus","","","307"
"50794","50794","o.wilck;;1374","o.wilck","","1374","o.petr.mus","","","308"
"77712","77712","o.wilck;;1378","o.wilck","","1378","o.petr.mus","","","244"
"77764","77764","o.wilck;;1433","o.wilck","","1433","o.petr.mus","","","406"
"77773","77773","o.wilck;;1442","o.wilck","","1442","o.petr.mus","","","258"
"77774","77774","o.wilck;;1443","o.wilck","","1443","o.petr.mus","","","254"
"77781","77781","o.wilck;;1450","o.wilck","","1450","o.petr.mus","","","374"
"77782","77782","o.wilck;;1451","o.wilck","","1451","o.petr.mus","","","375"
"77792","77792","o.wilck;;1461","o.wilck","","1461","o.petr.mus","","","410"
"77798","77798","o.wilck;;1467","o.wilck","","1467","o.petr.mus","","","402"
"77802","77802","o.wilck;;1470","o.wilck","","1470","o.petr.mus","o.petr.mus","","218"
"77817","77817","o.wilck;;1486","o.wilck","","1486","o.petr.mus","","","501"
"50798","50798","o.wilck;;1493","o.wilck","","1493","o.theb.taxes","","2","27"
"77862","77862","o.wilck;;1568","o.wilck","","1568","pap.choix","pap.choix","","4"
"50803","50803","o.wilck;;1612","o.wilck","","1612","sb","sb","18","13794"
"100077","100077","p.ammon;1;10","p.ammon","1","10","p.ammon","","2","44"
"23636","23636","p.ammon;1;8","p.ammon","1","8","p.ammon","","2","32"
"229","229","p.bad;2;10","p.bad","2","10","sb","sb","24","16315"
"17111","17111","p.bad;2;39","p.bad","2","39","p.sarap","p.sarap","","89"
"80118","80118","p.bad;4;101","p.bad","4","101","o.heid","o.heid","","190"
"80119","80119","p.bad;4;102","p.bad","4","102","o.heid","o.heid","","220"
"80124","80124","p.bad;4;107","p.bad","4","107","o.heid","o.heid","","31"
"80125","80125","p.bad;4;108","p.bad","4","108","o.heid","o.heid","","32"
"80116","80116","p.bad;4;98","p.bad","4","98","o.heid","o.heid","","16"
"43483","43483","p.bad;4;99","p.bad","4","99","o.heid","o.heid","","10"
"65047","65047","p.batav;;20","p.batav","","20","","","","20"
"28962","28962","p.batav;;29","p.batav","","29","short.texts","","2","1034"
"28963","28963","p.batav;;30","p.batav","","30","short.texts","","2","1035"
"28964","28964","p.batav;;31","p.batav","","31","short.texts","","2","1036"
"28965","28965","p.batav;;32","p.batav","","32","short.texts","","2","1037"
"31716","31716","p.batav;;41","p.batav","","41","short.texts","","2","704"
"77995","77995","p.benaki;;2","p.benaki","","2","sb","sb","26","16684"
"10261","10261","p.bodl;1;34","p.bodl","1","34","sb","","26","16537"
"38739","38739","p.brook;;25","p.brook","","25","sb","sb","28","17007"
"12886","12886","p.cair.preis;;31","p.cair.preis","","31","p.ross.georg","p.ross.georg","2","18"
"38772","38772","p.clackson;;11","p.clackson","","11","sb","sb","18","13563"
"38773","38773","p.clackson;;12","p.clackson","","12","sb","sb","18","13564"
"128357","128357","p.clackson;;48","p.clackson","","48","p.monts.roca","","4","92"
"128358","128358","p.clackson;;49","p.clackson","","49","p.monts.roca","","4","90"
"28510","28510","p.coll.youtie;2;110","p.coll.youtie","2","110","short.texts","","2","923"
"28511","28511","p.coll.youtie;2;111","p.coll.youtie","2","111","short.texts","","2","442"
"28512","28512","p.coll.youtie;2;112","p.coll.youtie","2","112","short.texts","","2","440"
"28513","28513","p.coll.youtie;2;113","p.coll.youtie","2","113","short.texts","","2","438"
"28514","28514","p.coll.youtie;2;114","p.coll.youtie","2","114","short.texts","","2","880"
"28515","28515","p.coll.youtie;2;115","p.coll.youtie","2","115","short.texts","","2","925"
"28516","28516","p.coll.youtie;2;116","p.coll.youtie","2","116","short.texts","","2","742"
"28517","28517","p.coll.youtie;2;117","p.coll.youtie","2","117","short.texts","","2","581"
"28518","28518","p.coll.youtie;2;118","p.coll.youtie","2","118","short.texts","","2","924"
"54056","54056","p.coll.youtie;2;119","p.coll.youtie","2","119","short.texts","","2","848"
"28520","28520","p.coll.youtie;2;120","p.coll.youtie","2","120","short.texts","","2","448"
"42856","42856","p.flor;1;9","p.flor","1","9","","","1","9"
"35156","35156","p.fouad;;pg186,inv69427","p.fouad","","pg186,inv69427","sb","sb","18","13872"
"110222","110222","p.genova;4;161","p.genova","4","161","p.genova","","4","161"
"36287","36287","p.genova;4;170","p.genova","4","170","p.genova","","4","170"
"703057","703057","p.genova;4;172","p.genova","4","172","p.genova","","4","172"
"27580","27580","p.giss.apoll;;10","p.giss.apoll","","10","p.alex.giss","p.alex.giss","","58"
"19422","19422","p.giss.apoll;;11","p.giss.apoll","","11","p.giss","p.giss","","20"
"19456","19456","p.giss.apoll;;12","p.giss.apoll","","12","p.giss","p.giss","","67"
"19419","19419","p.giss.apoll;;13","p.giss.apoll","","13","p.giss","p.giss","","17"
"27572","27572","p.giss.apoll;;14","p.giss.apoll","","14","p.alex.giss","p.alex.giss","","50"
"19466","19466","p.giss.apoll;;15","p.giss.apoll","","15","p.giss","p.giss","","77"
"19467","19467","p.giss.apoll;;16","p.giss.apoll","","16","p.giss","p.giss","","78"
"19469","19469","p.giss.apoll;;17","p.giss.apoll","","17","p.giss","p.giss","","80"
"19472","19472","p.giss.apoll;;18","p.giss.apoll","","18","p.giss","p.giss","","85"
"25461","25461","p.giss.apoll;;19","p.giss.apoll","","19","p.giss","p.giss","","81"
"19424","19424","p.giss.apoll;;2","p.giss.apoll","","2","p.giss","p.giss","","22"
"19414","19414","p.giss.apoll;;20","p.giss.apoll","","20","p.giss","p.giss","","12"
"19457","19457","p.giss.apoll;;21","p.giss.apoll","","21","p.giss","p.giss","","68"
"19415","19415","p.giss.apoll;;22","p.giss.apoll","","22","p.giss","p.giss","","13"
"19416","19416","p.giss.apoll;;23","p.giss.apoll","","23","p.giss","p.giss","","14"
"19468","19468","p.giss.apoll;;24","p.giss.apoll","","24","p.giss","p.giss","","79"
"19428","19428","p.giss.apoll;;25","p.giss.apoll","","25","p.giss","p.giss","","26"
"19427","19427","p.giss.apoll;;26","p.giss.apoll","","26","p.giss","p.giss","","25"
"19461","19461","p.giss.apoll;;27","p.giss.apoll","","27","p.giss","p.giss","","72"
"19465","19465","p.giss.apoll;;28","p.giss.apoll","","28","p.giss","p.giss","","76"
"27579","27579","p.giss.apoll;;3","p.giss.apoll","","3","p.alex.giss","p.alex.giss","","57"
"27565","27565","p.giss.apoll;;30","p.giss.apoll","","30","p.alex.giss","p.alex.giss","","43"
"19413","19413","p.giss.apoll;;31","p.giss.apoll","","31","p.giss","p.giss","","11"
"19417","19417","p.giss.apoll;;32","p.giss.apoll","","32","p.giss","p.giss","","15"
"19418","19418","p.giss.apoll;;33","p.giss.apoll","","33","p.giss","p.giss","","16"
"19420","19420","p.giss.apoll;;34","p.giss.apoll","","34","p.giss","p.giss","","18"
"19455","19455","p.giss.apoll;;35","p.giss.apoll","","35","p.giss","p.giss","","66"
"19459","19459","p.giss.apoll;;36","p.giss.apoll","","36","p.giss","p.giss","","70"
"19460","19460","p.giss.apoll;;37","p.giss.apoll","","37","p.giss","p.giss","","71"
"19462","19462","p.giss.apoll;;38","p.giss.apoll","","38","p.giss","p.giss","","73"
"19463","19463","p.giss.apoll;;39","p.giss.apoll","","39","p.giss","p.giss","","74"
"27581","27581","p.giss.apoll;;4","p.giss.apoll","","4","p.alex.giss","p.alex.giss","","59"
"19464","19464","p.giss.apoll;;40","p.giss.apoll","","40","p.giss","p.giss","","75"
"19475","19475","p.giss.apoll;;41","p.giss.apoll","","41","p.giss","p.giss","","88"
"19476","19476","p.giss.apoll;;42","p.giss.apoll","","42","p.giss","p.giss","","89"
"19477","19477","p.giss.apoll;;43","p.giss.apoll","","43","p.giss","p.giss","","91"
"19425","19425","p.giss.apoll;;5","p.giss.apoll","","5","p.giss","p.giss","","23"
"19441","19441","p.giss.apoll;;6","p.giss.apoll","","6","p.giss","p.giss","","47"
"19426","19426","p.giss.apoll;;7","p.giss.apoll","","7","p.giss","p.giss","","24"
"19421","19421","p.giss.apoll;;8","p.giss.apoll","","8","p.giss","p.giss","","19"
"19429","19429","p.giss.apoll;;9","p.giss.apoll","","9","p.giss","p.giss","","27"
"36146","36146","p.got;;23dgtl","p.got","","23dgtl","ddbdp","ddbdp","2015","3"
"7212","7212","p.grad;;4dupl","p.grad","","4dupl","p.fuad.i.univ","p.fuad.i.univ","","AppI,3"
"248","248","p.grenf;1;12","p.grenf","1","12","p.dryton","p.dryton","1","2"
"11382","11382","p.hamb;1;34","p.hamb","1","34","sb","sb","24","16313"
"58204","58204","p.harrauer;;32","p.harrauer","","32","p.dime","","3","2"
"78302","78302","p.harrauer;;46","p.harrauer","","46","sb","","28","17038"
"15556","15556","p.haun;2;43","p.haun","2","43","short.texts","","2","787"
"17074","17074","p.heid;3;236","p.heid","3","236","p.sarap","p.sarap","","57"
"78318","78318","p.heid;3;249","p.heid","3","249","o.heid","o.heid","","19"
"78319","78319","p.heid;3;250","p.heid","3","250","o.heid","o.heid","","20"
"78320","78320","p.heid;3;251","p.heid","3","251","o.heid","o.heid","","14"
"78321","78321","p.heid;3;252","p.heid","3","252","o.heid","o.heid","","4"
"78322","78322","p.heid;3;253","p.heid","3","253","o.heid","o.heid","","13"
"78323","78323","p.heid;3;254","p.heid","3","254","o.heid","o.heid","","3"
"78324","78324","p.heid;3;255","p.heid","3","255","o.heid","o.heid","","5"
"78325","78325","p.heid;3;256","p.heid","3","256","o.heid","o.heid","","24"
"78327","78327","p.heid;3;260","p.heid","3","260","o.heid","o.heid","","140"
"78329","78329","p.heid;3;262","p.heid","3","262","o.heid","o.heid","","143"
"78330","78330","p.heid;3;263","p.heid","3","263","o.heid","o.heid","","71"
"78331","78331","p.heid;3;264","p.heid","3","264","o.heid","o.heid","","73"
"78332","78332","p.heid;3;265","p.heid","3","265","o.heid","o.heid","","69"
"78334","78334","p.heid;3;267","p.heid","3","267","o.heid","o.heid","","78"
"78336","78336","p.heid;3;269","p.heid","3","269","o.heid","o.heid","","80"
"78337","78337","p.heid;3;270","p.heid","3","270","o.heid","o.heid","","88"
"78338","78338","p.heid;3;271","p.heid","3","271","o.heid","o.heid","","95"
"78339","78339","p.heid;3;272","p.heid","3","272","o.heid","o.heid","","87"
"78340","78340","p.heid;3;273","p.heid","3","273","o.heid","o.heid","","85"
"78341","78341","p.heid;3;274","p.heid","3","274","o.heid","o.heid","","94"
"78342","78342","p.heid;3;275","p.heid","3","275","o.heid","o.heid","","91"
"78343","78343","p.heid;3;276","p.heid","3","276","o.heid","o.heid","","96"
"78344","78344","p.heid;3;277","p.heid","3","277","o.heid","o.heid","","93"
"78345","78345","p.heid;3;278","p.heid","3","278","o.heid","o.heid","","100"
"78346","78346","p.heid;3;279","p.heid","3","279","o.heid","o.heid","","104"
"78347","78347","p.heid;3;280","p.heid","3","280","o.heid","o.heid","","81"
"78349","78349","p.heid;3;282","p.heid","3","282","o.heid","o.heid","","105"
"78350","78350","p.heid;3;283","p.heid","3","283","o.heid","o.heid","","116"
"78351","78351","p.heid;3;284","p.heid","3","284","o.heid","o.heid","","115"
"78352","78352","p.heid;3;285","p.heid","3","285","o.heid","o.heid","","109"
"22276","22276","p.heid;5;343","p.heid","5","343","p.col","p.col","10","284"
"32838","32838","p.iand;2;13","p.iand","2","13","p.ross.georg","p.ross.georg","5","6"
"15179","15179","p.iand.inv.653;;1","p.iand.inv.653","","1","p.iand.inv.653","p.iand.inv..653","","1"
"15179","15179","p.iand.inv.653;;2","p.iand.inv.653","","2","p.iand.inv.653","p.iand.inv..653","","1"
"4205","4205","p.iand.zen;;1","p.iand.zen","","1","sb","sb","14","11659"
"819","819","p.iand.zen;;2","p.iand.zen","","2","p.cair.zen","p.cair.zen","2","59173"
"975","975","p.iand.zen;;24","p.iand.zen","","24","p.cair.zen","p.cair.zen","3","59332"
"1994","1994","p.iand.zen;;29","p.iand.zen","","29","p.mich","p.mich","1","95"
"2477","2477","p.iand.zen;;3","p.iand.zen","","3","sb","sb","14","11660"
"1840","1840","p.iand.zen;;4","p.iand.zen","","4","p.zen.pestm","p.zen.pestm","","9"
"2479","2479","p.iand.zen;;5","p.iand.zen","","5","sb","sb","14","11662"
"1890","1890b","p.iand.zen;;52","p.iand.zen","","52","p.zen.pestm","p.zen.pestm","","59"
"1344","1344","p.iand.zen;;57","p.iand.zen","","57","p.cair.zen","p.cair.zen","4","59717"
"2480","2480","p.iand.zen;;6","p.iand.zen","","6","sb","sb","14","11663"
"2481","2481","p.iand.zen;;7","p.iand.zen","","7","sb","sb","14","11664"
"69998","69998","p.ital;2;59","p.ital","2","59","chla","chla","12","547"
"97081","97081","p.jud.des.misc;;A4","p.jud.des.misc","","A4","sb","sb","26","16690"
"50304","50304","p.koeln;9;374","p.koeln","9","374","short.texts","","2","453"
"23180","23180","p.kru;;11","p.kru","","11","sb","sb","1","5560"
"37303","37303","p.laur;3;88","p.laur","3","88","sb","sb","28","17162"
"22344","22344","p.lips;1;33","p.lips","1","33","chr.mitt","chr.mitt","","55"
"38540","38540","p.lond;3;1147","p.lond","3","1147","sb","sb","20","15131"
"11156","11156","p.lond;3;1210","p.lond","3","1210","p.flor","p.flor","3","1210"
"38434","38434","p.lond;3;1312","p.lond","3","1312","sb","sb","20","14171"
"11046","11046","p.lond;3;948v","p.lond","3","948v","p.flor","p.flor","2","185"
"11046","11046","p.lond;3;962","p.lond","3","962","p.flor","p.flor","2","185"
"33778","33778","p.lond;3;982","p.lond","3","982","sb","sb","24","16282"
"19676","19676","p.lond;5;1655","p.lond","5","1655","sb","sb","24","16281"
"26266","26266","p.louvre;1;8","p.louvre","1","8","p.dime","","3","38"
"45754","45754","p.louvre;1;9","p.louvre","1","9","p.dime","","3","25"
"36006","36006","p.mich;13;660","p.mich","13","660","chla","chla","47","1437"
"36006","36006","p.mich;13;661","p.mich","13","661","chla","chla","47","1437"
"11569","11569","p.mich;5;260/261trpl","p.mich","5","260/261trpl","p.kron","p.kron","","48dupl"
"37347","37347","p.michael;;52","p.michael","","52","p.koeln","","14","592"
"5968","5968","p.mil;2;24","p.mil","2","24","sb","sb","8","9927"
"21285","21285","p.mil;2;52","p.mil","2","52","pap.choix","pap.choix","","26"
"43832","43832","p.muench;3.1;52","p.muench","3.1","52","p.diosk","p.diosk","","8"
"128758","128758","p.narm.2006;;11","p.narm.2006","","11","p.narm","p.narm","","11"
"128761","128761","p.narm.2006;;14","p.narm.2006","","14","p.narm","","","14"
"128752","128752","p.narm.2006;;5","p.narm.2006","","5","p.narm","p.narm","","5"
"28929","28929","p.oslo;3;198","p.oslo","3","198","short.texts","","2","784"
"35591","35591","p.oxy;10;1323","p.oxy","10","1323","sb","sb","24","16278"
"31351","31351","p.oxy.descr;;1","p.oxy.descr","","1","sb","sb","22","15349"
"31356","31356","p.oxy.descr;;10","p.oxy.descr","","10","sb","sb","22","15358"
"33346","33346","p.oxy.descr;;11","p.oxy.descr","","11","sb","sb","22","15359"
"28411","28411","p.oxy.descr;;12","p.oxy.descr","","12","sb","sb","22","15360"
"31357","31357","p.oxy.descr;;13","p.oxy.descr","","13","sb","sb","22","15361"
"20800","20800","p.oxy.descr;;14","p.oxy.descr","","14","sb","sb","22","15362"
"20802","20802","p.oxy.descr;;15","p.oxy.descr","","15","sb","sb","22","15363"
"20803","20803","p.oxy.descr;;16","p.oxy.descr","","16","sb","sb","22","15364"
"20804","20804","p.oxy.descr;;17","p.oxy.descr","","17","sb","sb","22","15365"
"22686","22686","p.oxy.descr;;18","p.oxy.descr","","18","sb","sb","22","15366"
"20806","20806","p.oxy.descr;;19","p.oxy.descr","","19","sb","sb","22","15367"
"31352","31352","p.oxy.descr;;2","p.oxy.descr","","2","sb","sb","22","15350"
"20807","20807","p.oxy.descr;;20","p.oxy.descr","","20","sb","sb","22","15368"
"20797","20797","p.oxy.descr;;3","p.oxy.descr","","3","sb","sb","22","15351"
"31353","31353","p.oxy.descr;;4","p.oxy.descr","","4","sb","sb","22","15352"
"20504","20504","p.oxy.descr;;5","p.oxy.descr","","5","sb","sb","22","15353"
"20798","20798","p.oxy.descr;;6","p.oxy.descr","","6","sb","sb","22","15354"
"20799","20799","p.oxy.descr;;7","p.oxy.descr","","7","sb","sb","22","15355"
"37148","37148","p.oxy.descr;;8","p.oxy.descr","","8","sb","sb","22","15356"
"31355","31355","p.oxy.descr;;9","p.oxy.descr","","9","sb","sb","22","15357"
"32208","32208","p.palaurib;;38","p.palaurib","","38","sb","sb","20","15114"
"47310","47310","p.petr;1;11","p.petr","1","11","p.petr.2","p.petr.2","","18"
"47301","47301","p.petr;1;13","p.petr","1","13","p.petr.2","p.petr.2","","6"
"47309","47309","p.petr;1;17","p.petr","1","17","p.petr.2","p.petr.2","","16"
"47312","47312","p.petr;1;18","p.petr","1","18","p.petr.2","p.petr.2","","22"
"47314","47314","p.petr;1;20","p.petr","1","20","p.petr.2","p.petr.2","","27"
"47329","47329","p.petr;1;21","p.petr","1","21","p.petr.2","p.petr.2","","1"
"7674","7674","p.petr.kleon;;1","p.petr.kleon","","1","p.petr","p.petr","3","42"
"170046","170046","p.pintaudi;;57","p.pintaudi","","57","p.genova","","4","173"
"128347","128347","p.poethke;;39","p.poethke","","39","p.monts.roca","","4","75"
"14167","14167","p.prag.varcl;NS;1a","p.prag.varcl","NS","1a","","","NS","1a"
"14167","14167","p.prag.varcl;NS;1b","p.prag.varcl","NS","1b","","","NS","1a"
"14167","14167","p.prag.varcl;NS;1c","p.prag.varcl","NS","1c","","","NS","1a"
"17274","17274","p.princ;3;178","p.princ","3","178","p.nyu","p.nyu","2","9"
"11104","11104","p.rein;1;54","p.rein","1","54","p.horak","p.horak","","24"
"32905","32905","p.ross.georg;3;6","p.ross.georg","3","6","p.hamb","p.hamb","4","267"
"45636","45636","p.ryl;2;160","p.ryl","2","160","p.dime","","3","12"
"12944","12944","p.ryl;2;160B","p.ryl","2","160B","p.dime","","3","18"
"25160","25160","p.ryl;4;608","p.ryl","4","608","c.ep.lat","c.ep.lat","","81"
"10034","10034","p.sakaon;;47","p.sakaon","","47","p.abinn","p.abinn","","44"
"28960","28960","p.sel.warga;;10","p.sel.warga","","10","sb","sb","22","15615"
"20658","20658","p.sel.warga;;11","p.sel.warga","","11","sb","sb","22","15616"
"27683","27683","p.sel.warga;;12","p.sel.warga","","12","sb","sb","18","13973"
"13117","13117","p.sel.warga;;13","p.sel.warga","","13","sb","sb","22","15617"
"14733","14733","p.sel.warga;;2","p.sel.warga","","2","sb","sb","18","13291"
"14732","14732","p.sel.warga;;3","p.sel.warga","","3","sb","sb","18","13290"
"14734","14734","p.sel.warga;;4","p.sel.warga","","4","sb","sb","18","13292"
"43208","43208","p.sel.warga;;5","p.sel.warga","","5","sb","sb","22","15611"
"21653","21653","p.sel.warga;;8","p.sel.warga","","8","sb","sb","22","15614"
"70039","70039","p.sijp;;23","p.sijp","","23","chla","chla","43","1249"
"39682","39682","p.sijp;;24c","p.sijp","","24c","sb","sb","20","14446"
"16995","16995","p.stras;4;280","p.stras","4","280","chr.mitt","chr.mitt","","94"
"13418","13418","p.stras;7;646","p.stras","7","646","c.pap.gr","c.pap.gr","1","29"
"13438","13438","p.stras;8;764","p.stras","8","764","c.pap.gr","c.pap.gr","1","25"
"3843","3843","p.tebt;1;210","p.tebt","1","210","chr.wilck","chr.wilck","","327"
"41557","41557","p.tebt;2;465","p.tebt","2","465","p.hamb","p.hamb","4","278"
"13012","13012","p.tebt;2;478","p.tebt","2","478","p.ryl","p.ryl","2","pg253"
"26742","26742","p.tebt;2;560","p.tebt","2","560","sb","sb","16","12707"
"14814","14814","p.tebt;2;619","p.tebt","2","619","sb","sb","20","14135"
"13648","13648","p.tebt.wall;;3","p.tebt.wall","","3","sb","sb","22","15384"
"22120","22120","p.vat.aphrod;;10","p.vat.aphrod","","10","p.mich.aphrod","p.mich.aphrod","","1"
"18176","18176","p.vind.bosw;;9","p.vind.bosw","","9","sb","sb","14","11711"
"29449","29449","p.vind.pher;;Anhang","p.vind.pher","","Anhang","sb","sb","22","15539"
"13686","13686","p.vind.tand;;25","p.vind.tand","","25","p.dime","","3","26"
"63716","63716a","p.wash.univ;2;71","p.wash.univ","2","71","p.wisc","p.wisc","2","71"
"63716","63716b","p.wash.univ;2;72","p.wash.univ","2","72","p.wisc","p.wisc","2","72"
"18767","18767","p.worp;;35","p.worp","","35","p.stras","p.stras","5","318"
"27543","27543","p.worp;;56","p.worp","","56","p.david","p.david","","6,1"
"17122","17122","p.wuerzb;;22","p.wuerzb","","22","p.sarap","p.sarap","","97"
"23473","23473","pap.biling;;15","pap.biling","","15","short.texts","","2","812"
"23474","23474","pap.biling;;16","pap.biling","","16","short.texts","","2","807"
"29440","29440","pap.biling;;17","pap.biling","","17","short.texts","","2","655"
"32131","32131","pap.biling;;18","pap.biling","","18","short.texts","","2","802"
"29441","29441","pap.biling;;19","pap.biling","","19","short.texts","","2","765"
"29442","29442","pap.biling;;20","pap.biling","","20","short.texts","","2","434"
"29443","29443","pap.biling;;22","pap.biling","","22","short.texts","","2","793"
"29444","29444","pap.biling;;23","pap.biling","","23","short.texts","","2","643"
"3526","3526","pap.biling;;4","pap.biling","","4","p.brook","p.brook","","89"
"3524","3524","pap.biling;;5","pap.biling","","5","p.brook","p.brook","","88"
"33778","33778","pap.choix;;28","pap.choix","","28","sb","sb","24","16282"
"36565","36565","pap.congr.xxv;;244","pap.congr.xxv","","244","p.cair.masp","p.cair.masp","3","67352"
"12267","12267","pap.congr.xxv;;308","pap.congr.xxv","","308","p.mich","p.mich","10","578"
"14659","14659","pap.congr.xxv;;353","pap.congr.xxv","","353","p.daris","","","3"
"36736","36736","pap.congr.xxv;;399","pap.congr.xxv","","399","p.cair.masp","p.cair.masp","2","67236"
"70004","70004","psi;1;112","psi","1","112","chla","chla","25","781"
"97892","97892","psi;10;1170,r","psi","10","1170,r","sb","sb","28","16839"
"44214","44214","psi;15;1512","psi","15","1512","psi.congr.xi","psi.congr.xi","","4"
"2543","2543","psi;15;1515","psi","15","1515","sb","sb","18","13275"
"41518","41518","psi;15;1516","psi","15","1516","psi.congr.xi","psi.congr.xi","","5"
"13777","13777","psi;15;1519","psi","15","1519","psi.congr.xi","psi.congr.xi","","6"
"13778","13778","psi;15;1520","psi","15","1520","psi.congr.xi","psi.congr.xi","","7"
"24189","24189","psi;15;1522","psi","15","1522","c.pap.gr","c.pap.gr","2.1","18"
"44100","44100","psi;15;1525","psi","15","1525","psi.congr.xi","psi.congr.xi","","8"
"16864","16864","psi;15;1527","psi","15","1527","psi.congr.xi","psi.congr.xi","","9"
"14402","14402","psi;15;1528","psi","15","1528","sb","sb","12","11046"
"13776","13776","psi;15;1529","psi","15","1529","psi.congr.xi","psi.congr.xi","","10"
"41814","41814","psi;15;1531","psi","15","1531","sb","sb","12","11047"
"27819","27819","psi;15;1541","psi","15","1541","sb","sb","6","9523"
"26774","26774","psi;15;1543","psi","15","1543","sb","sb","12","11049"
"26773","26773","psi;15;1544","psi","15","1544","sb","sb","12","11048"
"30425","30425","psi;15;1554","psi","15","1554","psi.congr.xi","psi.congr.xi","","11"
"31106","31106","psi;15;1555","psi","15","1555","sb","sb","6","9524"
"30315","30315","psi;15;1556","psi","15","1556","sb","sb","12","11050"
"30426","30426","psi;15;1558","psi","15","1558","psi.congr.xi","psi.congr.xi","","12"
"30427","30427","psi;15;1559","psi","15","1559","psi.congr.xi","psi.congr.xi","","13"
"30409","30409","psi;15;1560","psi","15","1560","sb","sb","10","10255"
"30316","30316","psi;15;1561","psi","15","1561","sb","sb","12","11052"
"32617","32617","psi;15;1563","psi","15","1563","sb","sb","12","11051"
"16865","16865","psi;15;1570","psi","15","1570","psi.congr.xi","psi.congr.xi","","14"
"14534","14534","psi;9;1064,v","psi","9","1064,v","psi.corr","psi.corr","","1148"
"5584","5584","psi.com;11;5","psi.com","11","5","psi","psi","13","1355"
"2290","2290","psi.com;12;1","psi.com","12","1","psi","psi","7","865"
"35054","35054","psi.com;12;13a","psi.com","12","13a","psi","psi","14","1425"
"2291","2291","psi.com;12;2","psi.com","12","2","psi","psi","7","866"
"13792","13792","psi.com;12;7","psi.com","12","7","psi","psi","7","778"
"12450","12450","psi.com;9;2","psi.com","9","2","p.mil.vogl","p.mil.vogl","6","299"
"44832","44832","rom.mil.rec;1;1","rom.mil.rec","1","1","p.dura","p.dura","","100"
"69867","69867","rom.mil.rec;1;10","rom.mil.rec","1","10","chla","chla","1","7"
"44772","44772","rom.mil.rec;1;117","rom.mil.rec","1","117","p.dura","p.dura","","54"
"78177","78177","rom.mil.rec;1;122","rom.mil.rec","1","122","p.dura","p.dura","","136"
"78182","78182","rom.mil.rec;1;124","rom.mil.rec","1","124","p.dura","p.dura","","145"
"30504","30504","rom.mil.rec;1;125","rom.mil.rec","1","125","p.dura","p.dura","","137"
"30506","30506","rom.mil.rec;1;128","rom.mil.rec","1","128","p.dura","p.dura","","146"
"69884","69884","rom.mil.rec;1;129","rom.mil.rec","1","129","chla","chla","4","272"
"69885","69885","rom.mil.rec;1;130","rom.mil.rec","1","130","chla","chla","4","273"
"63268","63268","rom.mil.rec;1;131","rom.mil.rec","1","131","chla","chla","4","239"
"69876","69876","rom.mil.rec;1;132","rom.mil.rec","1","132","chla","chla","4","230"
"44843","44843","rom.mil.rec;1;18","rom.mil.rec","1","18","p.dura","p.dura","","111"
"44833","44833","rom.mil.rec;1;2","rom.mil.rec","1","2","p.dura","p.dura","","101"
"69910","69910","rom.mil.rec;1;21","rom.mil.rec","1","21","chla","chla","9","403"
"44848","44848","rom.mil.rec;1;23","rom.mil.rec","1","23","p.dura","p.dura","","116"
"21553","21553","rom.mil.rec;1;24","rom.mil.rec","1","24","p.oslo","p.oslo","3","122"
"44835","44835","rom.mil.rec;1;26","rom.mil.rec","1","26","p.dura","p.dura","","103"
"44847","44847","rom.mil.rec;1;27","rom.mil.rec","1","27","p.dura","p.dura","","115"
"19488","19488","rom.mil.rec;1;28","rom.mil.rec","1","28","p.ryl","p.ryl","2","79"
"44853","44853","rom.mil.rec;1;29","rom.mil.rec","1","29","p.dura","p.dura","","121"
"44852","44852","rom.mil.rec;1;31","rom.mil.rec","1","31","p.dura","p.dura","","120"
"44849","44849","rom.mil.rec;1;33","rom.mil.rec","1","33","p.dura","p.dura","","117"
"44855","44855","rom.mil.rec;1;35","rom.mil.rec","1","35","p.dura","p.dura","","123"
"69867","69867","rom.mil.rec;1;37","rom.mil.rec","1","37","chla","chla","1","7"
"70102","70102","rom.mil.rec;1;38","rom.mil.rec","1","38","chla","chla","44","1315"
"21330","21330","rom.mil.rec;1;39","rom.mil.rec","1","39","p.mich","p.mich","3","162"
"78514","78514","rom.mil.rec;1;40","rom.mil.rec","1","40","p.mich","p.mich","3","163"
"44851","44851","rom.mil.rec;1;42","rom.mil.rec","1","42","p.dura","p.dura","","119"
"44856","44856","rom.mil.rec;1;43","rom.mil.rec","1","43","p.dura","p.dura","","124"
"44850","44850","rom.mil.rec;1;44","rom.mil.rec","1","44","p.dura","p.dura","","118"
"44813","44813","rom.mil.rec;1;47","rom.mil.rec","1","47","p.dura","p.dura","","82"
"44814","44814","rom.mil.rec;1;48","rom.mil.rec","1","48","p.dura","p.dura","","83"
"44820","44820","rom.mil.rec;1;50","rom.mil.rec","1","50","p.dura","p.dura","","89"
"44816","44816","rom.mil.rec;1;54","rom.mil.rec","1","54","p.dura","p.dura","","85"
"44818","44818","rom.mil.rec;1;55","rom.mil.rec","1","55","p.dura","p.dura","","87"
"44815","44815","rom.mil.rec;1;56","rom.mil.rec","1","56","p.dura","p.dura","","84"
"69867","69867","rom.mil.rec;1;58","rom.mil.rec","1","58","chla","chla","1","7"
"44830","44830","rom.mil.rec;1;6","rom.mil.rec","1","6","p.dura","p.dura","","98"
"69875","69875","rom.mil.rec;1;63","rom.mil.rec","1","63","chla","chla","4","219"
"69882","69882","rom.mil.rec;1;67","rom.mil.rec","1","67","chla","chla","4","270"
"69867","69867","rom.mil.rec;1;68","rom.mil.rec","1","68","chla","chla","1","7"
"69868","69868","rom.mil.rec;1;69","rom.mil.rec","1","69","chla","chla","1","9"
"44831","44831","rom.mil.rec;1;7","rom.mil.rec","1","7","p.dura","p.dura","","99"
"17472","17472","rom.mil.rec;1;74","rom.mil.rec","1","74","psi","psi","9","1063"
"20435","20435","rom.mil.rec;1;81","rom.mil.rec","1","81","p.oxy","p.oxy","4","735"
"27901","27901","rom.mil.rec;1;82","rom.mil.rec","1","82","p.coles","","","19"
"30756","30756","rom.mil.rec;1;85","rom.mil.rec","1","85","sb","sb","6","9202"
"69867","69867","rom.mil.rec;1;9","rom.mil.rec","1","9","chla","chla","1","7"
"50866","50866","sb;1;1172","sb","1","1172","short.texts","","2","760"
"50887","50887","sb;1;1173","sb","1","1173","short.texts","","2","514"
"50901","50901","sb;1;1175","sb","1","1175","short.texts","","2","813"
"50907","50907","sb;1;1177","sb","1","1177","short.texts","","2","800"
"50904","50904","sb;1;1184","sb","1","1184","short.texts","","2","820"
"50882","50882","sb;1;1187","sb","1","1187","short.texts","","2","727"
"50867","50867","sb;1;1196","sb","1","1196","short.texts","","2","675"
"50880","50880","sb;1;1199","sb","1","1199","short.texts","","2","562"
"23058","23058","sb;1;1200","sb","1","1200","short.texts","","2","707"
"40167","40167","sb;1;1202","sb","1","1202","short.texts","","2","645"
"50891","50891","sb;1;1203","sb","1","1203","short.texts","","2","847"
"50883","50883","sb;1;1216","sb","1","1216","short.texts","","2","792"
"50871","50871","sb;1;1218","sb","1","1218","short.texts","","2","519"
"50869","50869","sb;1;1220","sb","1","1220","short.texts","","2","815"
"50896","50896","sb;1;1222","sb","1","1222","short.texts","","2","662"
"50881","50881","sb;1;1223","sb","1","1223","short.texts","","2","546"
"50870","50870","sb;1;1224","sb","1","1224","short.texts","","2","777"
"40194","40194","sb;1;1230","sb","1","1230","short.texts","","2","886"
"50885","50885","sb;1;1235","sb","1","1235","short.texts","","2","781"
"50899","50899","sb;1;1237","sb","1","1237","short.texts","","2","701"
"50890","50890","sb;1;1239","sb","1","1239","short.texts","","2","783"
"50893","50893","sb;1;1240","sb","1","1240","short.texts","","2","677"
"50876","50876","sb;1;1241","sb","1","1241","short.texts","","2","604"
"50878","50878","sb;1;1242","sb","1","1242","short.texts","","2","528"
"50873","50873","sb;1;1244","sb","1","1244","short.texts","","2","710"
"50879","50879","sb;1;1245","sb","1","1245","short.texts","","2","770"
"50900","50900","sb;1;1246","sb","1","1246","short.texts","","2","617"
"50894","50894","sb;1;1247","sb","1","1247","short.texts","","2","719"
"50903","50903","sb;1;1248","sb","1","1248","short.texts","","2","620"
"50868","50868","sb;1;1249","sb","1","1249","short.texts","","2","694"
"40213","40213","sb;1;1250","sb","1","1250","short.texts","","2","885"
"50877","50877","sb;1;1255","sb","1","1255","short.texts","","2","598"
"50875","50875","sb;1;1256","sb","1","1256","short.texts","","2","630"
"50906","50906","sb;1;1257","sb","1","1257","short.texts","","2","706"
"50886","50886","sb;1;1258","sb","1","1258","short.texts","","2","629"
"50884","50884","sb;1;1259","sb","1","1259","short.texts","","2","697"
"50898","50898","sb;1;1260","sb","1","1260","short.texts","","2","705"
"50897","50897","sb;1;1261","sb","1","1261","short.texts","","2","696"
"50892","50892","sb;1;1262","sb","1","1262","short.texts","","2","702"
"50902","50902","sb;1;1263","sb","1","1263","short.texts","","2","722"
"50905","50905","sb;1;1264","sb","1","1264","short.texts","","2","762"
"50895","50895","sb;1;1265","sb","1","1265","short.texts","","2","723"
"50888","50888","sb;1;1266","sb","1","1266","short.texts","","2","654"
"40672","40672","sb;1;1743","sb","1","1743","short.texts","","2","435"
"32094","32094","sb;1;1948","sb","1","1948","o.petr.mus","","","452"
"32095","32095","sb;1;1949","sb","1","1949","o.petr.mus","","","461"
"33808","33808","sb;1;1952","sb","1","1952","o.petr.mus","","","448"
"32099","32099","sb;1;1954","sb","1","1954","o.petr.mus","","","462"
"32101","32101","sb;1;1956","sb","1","1956","o.petr.mus","","","443"
"32103","32103","sb;1;1958","sb","1","1958","o.petr.mus","","","458"
"32104","32104","sb;1;1959","sb","1","1959","o.petr.mus","","","560"
"50916","50916","sb;1;2099","sb","1","2099","short.texts","","2","833"
"40261","40261","sb;1;2464","sb","1","2464","short.texts","","2","789"
"40262","40262","sb;1;2473","sb","1","2473","short.texts","","2","486"
"40263","40263","sb;1;2474","sb","1","2474","short.texts","","2","467"
"50912","50912","sb;1;2483","sb","1","2483","short.texts","","2","587"
"40270","40270","sb;1;2490","sb","1","2490","short.texts","","2","487"
"50889","50889","sb;1;2632","sb","1","2632","short.texts","","2","513"
"6480","6480","sb;1;308","sb","1","308","short.texts","","2","795"
"50913","50913","sb;1;3468","sb","1","3468","short.texts","","2","572"
"50914","50914","sb;1;3928","sb","1","3928","short.texts","","2","713"
"50915","50915","sb;1;3929","sb","1","3929","short.texts","","2","832"
"50911","50911","sb;1;3939","sb","1","3939","short.texts","","2","437"
"26024","26024","sb;1;4181","sb","1","4181","short.texts","","2","693"
"26025","26025","sb;1;4182","sb","1","4182","short.texts","","2","749"
"26026","26026","sb;1;4183","sb","1","4183","short.texts","","2","712"
"26027","26027","sb;1;4185","sb","1","4185","short.texts","","2","661"
"26028","26028","sb;1;4186","sb","1","4186","short.texts","","2","637"
"26029","26029","sb;1;4187","sb","1","4187","short.texts","","2","616"
"26030","26030","sb;1;4188","sb","1","4188","short.texts","","2","734"
"26031","26031","sb;1;4189","sb","1","4189","short.texts","","2","733"
"26032","26032","sb;1;4190","sb","1","4190","short.texts","","2","791"
"26033","26033","sb;1;4191","sb","1","4191","short.texts","","2","769"
"26034","26034","sb;1;4192","sb","1","4192","short.texts","","2","824"
"26035","26035","sb;1;4193","sb","1","4193","short.texts","","2","714"
"26036","26036","sb;1;4194","sb","1","4194","short.texts","","2","757"
"26038","26038","sb;1;4196","sb","1","4196","short.texts","","2","766"
"26039","26039","sb;1;4197","sb","1","4197","short.texts","","2","735"
"26040","26040","sb;1;4198","sb","1","4198","short.texts","","2","730"
"26041","26041","sb;1;4199","sb","1","4199","short.texts","","2","711"
"26042","26042","sb;1;4200","sb","1","4200","short.texts","","2","684"
"26043","26043","sb;1;4201","sb","1","4201","short.texts","","2","698"
"26044","26044","sb;1;4202","sb","1","4202","short.texts","","2","798"
"54572","54572","sb;1;4203","sb","1","4203","t.mom.louvre","t.mom.louvre","","91"
"26046","26046","sb;1;4204","sb","1","4204","short.texts","","2","764"
"26047","26047","sb;1;4205","sb","1","4205","short.texts","","2","612"
"40425","40425","sb;1;4238","sb","1","4238","short.texts","","2","788"
"29411","29411","sb;1;4239","sb","1","4239","short.texts","","2","527"
"26048","26048","sb;1;4242","sb","1","4242","short.texts","","2","686"
"26049","26049","sb;1;4256","sb","1","4256","short.texts","","2","768"
"42929","42929","sb;1;4417","sb","1","4417","p.kar.goodsp","p.kar.goodsp","","67"
"19641","19641","sb;1;4630","sb","1","4630","p.brem","p.brem","","56"
"39525","39525","sb;1;4908","sb","1","4908","stud.pal","stud.pal","8","1122"
"35674","35674","sb;1;4909","sb","1","4909","stud.pal","stud.pal","8","1070"
"22584","22584","sb;1;5113","sb","1","5113","p.bodl","p.bodl","1","45"
"45786","45786","sb;1;5117","sb","1","5117","p.dime","","3","29"
"40517","40517","sb;1;5122","sb","1","5122","short.texts","","2","674"
"27759","27759","sb;1;5282","sb","1","5282","stud.pal","stud.pal","20","24"
"18704","18704","sb;1;5283","sb","1","5283","stud.pal","stud.pal","20","47"
"18712","18712","sb;1;5284","sb","1","5284","stud.pal","stud.pal","20","60"
"33993","33993","sb;1;5305","sb","1","5305","sb","","28","16850"
"41060","41060","sb;1;5332","sb","1","5332","bgu","bgu","1","317"
"33237","33237","sb;1;5335","sb","1","5335","bgu","bgu","3","751"
"10747","10747","sb;1;5341","sb","1","5341","p.fam.tebt","p.fam.tebt","","29"
"26064","26064","sb;1;5358","sb","1","5358","short.texts","","2","709"
"26065","26065","sb;1;5359","sb","1","5359","short.texts","","2","622"
"26066","26066","sb;1;5360","sb","1","5360","short.texts","","2","708"
"26067","26067","sb;1;5361","sb","1","5361","short.texts","","2","608"
"26068","26068","sb;1;5362","sb","1","5362","short.texts","","2","670"
"26069","26069","sb;1;5363","sb","1","5363","short.texts","","2","767"
"26136","26136","sb;1;5434","sb","1","5434","short.texts","","2","595"
"26137","26137","sb;1;5435","sb","1","5435","short.texts","","2","685"
"26138","26138","sb;1;5436","sb","1","5436","short.texts","","2","827"
"26139","26139","sb;1;5437","sb","1","5437","short.texts","","2","761"
"26140","26140","sb;1;5438","sb","1","5438","short.texts","","2","596"
"26141","26141","sb;1;5439","sb","1","5439","short.texts","","2","613"
"40472","40472","sb;1;5441","sb","1","5441","short.texts","","2","822"
"40478","40478","sb;1;5448","sb","1","5448","short.texts","","2","756"
"40480","40480","sb;1;5450","sb","1","5450","short.texts","","2","703"
"40482","40482","sb;1;5452","sb","1","5452","short.texts","","2","699"
"40483","40483","sb;1;5453","sb","1","5453","short.texts","","2","732"
"40487","40487","sb;1;5457","sb","1","5457","short.texts","","2","671"
"40493","40493","sb;1;5463","sb","1","5463","short.texts","","2","825"
"40497","40497","sb;1;5468","sb","1","5468","short.texts","","2","826"
"40507","40507","sb;1;5478","sb","1","5478","short.texts","","2","796"
"23173","23173","sb;1;5482","sb","1","5482","short.texts","","2","740"
"40510","40510","sb;1;5483","sb","1","5483","short.texts","","2","823"
"40511","40511","sb;1;5484","sb","1","5484","short.texts","","2","659"
"78872","78872","sb;1;5485","sb","1","5485","short.texts","","2","597"
"40512","40512","sb;1;5486","sb","1","5486","short.texts","","2","673"
"40515","40515","sb;1;5489","sb","1","5489","short.texts","","2","664"
"40516","40516","sb;1;5490","sb","1","5490","short.texts","","2","794"
"40520","40520","sb;1;5494","sb","1","5494","short.texts","","2","700"
"40521","40521","sb;1;5497","sb","1","5497","short.texts","","2","799"
"40522","40522","sb;1;5498","sb","1","5498","short.texts","","2","600"
"40524","40524","sb;1;5501","sb","1","5501","short.texts","","2","593"
"40526","40526","sb;1;5503","sb","1","5503","short.texts","","2","636"
"40527","40527","sb;1;5504","sb","1","5504","short.texts","","2","797"
"40528","40528","sb;1;5505","sb","1","5505","short.texts","","2","728"
"40529","40529","sb;1;5506","sb","1","5506","short.texts","","2","683"
"40534","40534","sb;1;5511","sb","1","5511","short.texts","","2","750"
"40536","40536","sb;1;5513","sb","1","5513","short.texts","","2","725"
"40537","40537","sb;1;5514","sb","1","5514","short.texts","","2","744"
"40538","40538","sb;1;5515","sb","1","5515","short.texts","","2","495"
"40550","40550","sb;1;5528","sb","1","5528","short.texts","","2","745"
"40551","40551","sb;1;5529","sb","1","5529","short.texts","","2","736"
"40553","40553","sb;1;5531","sb","1","5531","short.texts","","2","731"
"40554","40554","sb;1;5532","sb","1","5532","short.texts","","2","681"
"40556","40556","sb;1;5534","sb","1","5534","short.texts","","2","615"
"40557","40557","sb;1;5535","sb","1","5535","short.texts","","2","488"
"40558","40558","sb;1;5536","sb","1","5536","short.texts","","2","741"
"40563","40563","sb;1;5541","sb","1","5541","short.texts","","2","763"
"40564","40564","sb;1;5542","sb","1","5542","short.texts","","2","755"
"40565","40565","sb;1;5543","sb","1","5543","short.texts","","2","624"
"40566","40566","sb;1;5544","sb","1","5544","short.texts","","2","633"
"40568","40568","sb;1;5546","sb","1","5546","short.texts","","2","601"
"40569","40569","sb;1;5547","sb","1","5547","short.texts","","2","590"
"40570","40570","sb;1;5548","sb","1","5548","short.texts","","2","878"
"40571","40571","sb;1;5549","sb","1","5549","short.texts","","2","877"
"40572","40572","sb;1;5550","sb","1","5550","short.texts","","2","570"
"40573","40573","sb;1;5551","sb","1","5551","short.texts","","2","425"
"40574","40574","sb;1;5552","sb","1","5552","short.texts","","2","721"
"40575","40575","sb;1;5553","sb","1","5553","short.texts","","2","786"
"50942","50942","sb;1;5619","sb","1","5619","short.texts","","2","945"
"19857","19857","sb;1;5639","sb","1","5639","p.lond","p.lond","4","1410"
"19855","19855","sb;1;5640","sb","1","5640","p.lond","p.lond","4","1408"
"19854","19854","sb;1;5641","sb","1","5641","p.lond","p.lond","4","1407"
"19382","19382","sb;1;5658","sb","1","5658","p.flor","p.flor","3","368r"
"29287","29287","sb;1;752","sb","1","752","short.texts","","2","718"
"32068","32068","sb;1;779","sb","1","779","short.texts","","2","660"
"40601","40601","sb;1;784","sb","1","784","short.texts","","2","790"
"29315","29315","sb;1;785","sb","1","785","short.texts","","2","490"
"29345","29345","sb;1;823","sb","1","823","short.texts","","2","499"
"10285","10285","sb;10;10262","sb","10","10262","p.brook","p.brook","","11"
"36127","36127","sb;10;10558","sb","10","10558","p.daris","","","43"
"35087","35087","sb;10;10559","sb","10","10559","p.daris","","","54"
"10218","10218","sb;10;10614","sb","10","10614","p.berl.leihg","p.berl.leihg","2","26"
"26589","26589","sb;10;10741","sb","10","10741","p.genova","p.genova","2","64"
"30227","30227","sb;12;10802","sb","12","10802","p.sijp","p.sijp","","50"
"14341","14341","sb;12;10804","sb","12","10804","p.dime","","3","23"
"30229","30229","sb;12;10815","sb","12","10815","short.texts","","2","838"
"26704","26704","sb;12;10816","sb","12","10816","short.texts","","2","493"
"30230","30230","sb;12;10817","sb","12","10817","short.texts","","2","472"
"30233","30233","sb;12;10821","sb","12","10821","short.texts","","2","839"
"29443","29443","sb;12;10834","sb","12","10834","short.texts","","2","793"
"4367","4367","sb;12;10860","sb","12","10860","p.count","","","6"
"12539","12539","sb;12;10881","sb","12","10881","p.nyu","p.nyu","1","20"
"12293","12293","sb;12;10923","sb","12","10923","p.mich","p.mich","12","628"
"16086","16086","sb;12;10932","sb","12","10932","p.daris","","","30"
"32561","32561","sb;12;10933","sb","12","10933","p.daris","","","37"
"16087","16087","sb;12;10934","sb","12","10934","p.daris","","","33"
"35950","35950","sb;12;10935","sb","12","10935","p.daris","","","47"
"15974","15974","sb;12;10941","sb","12","10941","p.oxy","p.oxy","43","3095"
"26766","26766","sb;12;10963","sb","12","10963","short.texts","","2","502"
"16387","16387","sb;12;11091","sb","12","11091","short.texts","","2","305"
"16388","16388","sb;12;11092","sb","12","11092","short.texts","","2","864"
"26778","26778","sb;12;11094","sb","12","11094","short.texts","","2","578"
"16393","16393","sb;12;11162","sb","12","11162","p.daris","","","28"
"36022","36022","sb;12;11163","sb","12","11163","p.daris","","","42"
"13259","13259","sb;14;11354,r","sb","14","11354,r","p.stras","p.stras","9","849"
"18122","18122","sb;14;11373","sb","14","11373","bgu","bgu","17","2683"
"4241","4241","sb;14;11411","sb","14","11411","p.ashm","p.ashm","1","23"
"14492","14492","sb;14;11586","sb","14","11586","c.pap.gr","c.pap.gr","2.1","5arpdupl"
"14493","14493","sb;14;11587","sb","14","11587","c.pap.gr","c.pap.gr","2.1","5brpdupl"
"35134","35134","sb;14;11621","sb","14","11621","p.daris","","","52"
"9760","9760","sb;14;11865","sb","14","11865","bgu","bgu","15","2500"
"45593","45593","sb;14;11895","sb","14","11895","p.dime","","3","20"
"30190","30190","sb;14;11986","sb","14","11986","p.hombert","p.hombert","1","27"
"5227","5227","sb;14;11987","sb","14","11987","p.hombert","p.hombert","1","28"
"26641","26641","sb;14;11988","sb","14","11988","p.hombert","p.hombert","1","29"
"30191","30191","sb;14;11989","sb","14","11989","p.hombert","p.hombert","1","30"
"26642","26642","sb;14;11990","sb","14","11990","p.hombert","p.hombert","1","33"
"30192","30192","sb;14;11991","sb","14","11991","p.hombert","p.hombert","1","34"
"24943","24943","sb;14;12009","sb","14","12009","p.daris","","","23"
"30264","30264","sb;16;12285","sb","16","12285","p.daris","","","20"
"26724","26724","sb;16;12418","sb","16","12418","short.texts","","2","542"
"26725","26725","sb;16;12419","sb","16","12419","short.texts","","2","803"
"30275","30275","sb;16;12420","sb","16","12420","short.texts","","2","881"
"26730","26730","sb;16;12532","sb","16","12532","p.daris","","","31"
"26731","26731","sb;16;12533","sb","16","12533","p.daris","","","12"
"36006","36006","sb;16;12542","sb","16","12542","chla","chla","47","1437"
"27195","27195","sb;16;12697","sb","16","12697","p.nyu","p.nyu","2","49"
"16287","16287","sb;16;12749","sb","16","12749","p.daris","","","2"
"16288","16288","sb;16;12751","sb","16","12751","p.daris","","","24"
"16289","16289","sb;16;12753","sb","16","12753","p.daris","","","11"
"32592","32592","sb;16;12755","sb","16","12755","p.daris","","","29"
"26746","26746","sb;16;12756","sb","16","12756","p.daris","","","34"
"32593","32593","sb;16;12757","sb","16","12757","p.daris","","","38"
"34672","34672","sb;16;12803","sb","16","12803","o.douch","o.douch","3","319"
"18273","18273","sb;18;13159","sb","18","13159","p.daris","","","14"
"18291","18291","sb;18;13246","sb","18","13246","p.lips","p.lips","2","136"
"33004","33004","sb;18;13285","sb","18","13285","o.bodl","o.bodl","2","2117"
"45646","45646","sb;18;13579","sb","18","13579","p.dime","","3","9"
"18249","18249","sb;18;13724","sb","18","13724","short.texts","","2","419"
"18250","18250","sb;18;13725","sb","18","13725","short.texts","","2","336"
"18251","18251","sb;18;13726","sb","18","13726","short.texts","","2","420"
"38775","38775","sb;18;13737","sb","18","13737","p.genova","","5","214"
"5604","5604","sb;18;13871","sb","18","13871","p.genova","p.genova","3","118"
"18381","18381","sb;18;14017","sb","18","14017","p.daris","","","32"
"32994","32994","sb;18;14018","sb","18","14018","p.daris","","","18"
"18321","18321","sb;18;14019","sb","18","14019","p.daris","","","9"
"18317","18317","sb;18;14020","sb","18","14020","p.daris","","","15"
"18304","18304","sb;18;14030","sb","18","14030","o.stras","o.stras","2","860"
"32164","32164","sb;20;14101","sb","20","14101","p.daris","","","50"
"26164","26164","sb;20;14102","sb","20","14102","p.daris","","","48"
"40739","40739","sb;20;14103","sb","20","14103","p.daris","","","35"
"26170","26170","sb;20;14244","sb","20","14244","short.texts","","2","992"
"26171","26171","sb;20;14245","sb","20","14245","short.texts","","2","1033"
"25942","25942","sb;20;14278","sb","20","14278","p.col","p.col","10","252"
"29036","29036","sb;20;14279","sb","20","14279","p.col","p.col","10","253"
"10558","10558","sb;20;14281","sb","20","14281","p.col","p.col","10","257"
"44378","44378","sb;20;14283","sb","20","14283","p.col","p.col","10","268"
"31838","31838","sb;20;14295","sb","20","14295","p.col","p.col","10","278"
"22278","22278","sb;20;14301","sb","20","14301","p.col","p.col","10","287"
"10557","10557","sb;20;14307","sb","20","14307","p.col","p.col","10","256"
"22262","22262","sb;20;14308","sb","20","14308","p.col","p.col","10","261"
"10560","10560","sb;20;14311","sb","20","14311","p.col","p.col","10","260"
"22268","22268","sb;20;14312","sb","20","14312","p.col","p.col","10","272"
"26252","26252","sb;20;14357","sb","20","14357","short.texts","","2","771"
"26253","26253","sb;20;14358","sb","20","14358","short.texts","","2","626"
"26254","26254","sb;20;14359","sb","20","14359","short.texts","","2","628"
"26255","26255","sb;20;14360","sb","20","14360","short.texts","","2","853"
"32179","32179","sb;20;14361","sb","20","14361","short.texts","","2","814"
"23721","23721","sb;20;14366","sb","20","14366","short.texts","","2","922"
"32181","32181","sb;20;14387","sb","20","14387","p.daris","","","5"
"11270","11270","sb;20;14396","sb","20","14396","p.gen","p.gen","3","142"
"26148","26148","sb;20;14407","sb","20","14407","p.gen","p.gen","3","138"
"32183","32183","sb;20;14411","sb","20","14411","short.texts","","2","450"
"32184","32184","sb;20;14412","sb","20","14412","short.texts","","2","451"
"32185","32185","sb;20;14413","sb","20","14413","short.texts","","2","817"
"5602","5602","sb;20;14660","sb","20","14660","p.genova","p.genova","3","113"
"11269","11269","sb;20;14711","sb","20","14711","p.gen","p.gen","3","141"
"34163","34163","sb;20;14923","sb","20","14923","o.oasis","o.oasis","","BahriaDiv1"
"34179","34179","sb;20;14956","sb","20","14956","p.daris","","","51"
"29508","29508","sb;20;15006","sb","20","15006","p.daris","","","25"
"23856","23856","sb;20;15044","sb","20","15044","p.eleph.wagner","p.eleph.wagner","1","67a"
"23876","23876","sb;20;15096","sb","20","15096","p.daris","","","27"
"35780","35780","sb;20;15097","sb","20","15097","p.daris","","","40"
"34197","34197","sb;20;15098","sb","20","15098","p.daris","","","10"
"8125","8125","sb;20;15113","sb","20","15113","p.gen","p.gen","3","131"
"38542","38542","sb;20;15167","sb","20","15167","p.genova","","5","210"
"34201","34201","sb;20;15171","sb","20","15171","p.daris","","","39"
"35781","35781","sb;20;15172","sb","20","15172","p.daris","","","21"
"38543","38543","sb;20;15173","sb","20","15173","p.daris","","","26"
"35782","35782","sb;20;15174","sb","20","15174","p.daris","","","55"
"38544","38544","sb;20;15175","sb","20","15175","p.daris","","","22"
"26265","26265","sb;20;15176","sb","20","15176","o.petr.mus","","","495"
"78381","78381","sb;22;15511","sb","22","15511","p.horak","p.horak","","33"
"78383","78383","sb;22;15512","sb","22","15512","p.horak","p.horak","","35"
"78398","78398","sb;22;15513","sb","22","15513","p.horak","p.horak","","50"
"78405","78405","sb;22;15514","sb","22","15514","p.horak","p.horak","","57"
"79081","79081","sb;22;15526","sb","22","15526","o.petr.mus","","","603"
"70034","70034","sb;22;15638","sb","22","15638","chla","chla","43","1242"
"79187","79187","sb;22;15701","sb","22","15701","p.daris","","","17"
"79212","79212","sb;22;15870","sb","22","15870","o.heid","o.heid","","52"
"79213","79213","sb;22;15871","sb","22","15871","o.heid","o.heid","","53"
"79214","79214","sb;22;15872","sb","22","15872","o.heid","o.heid","","55"
"79215","79215","sb;22;15873","sb","22","15873","o.heid","o.heid","","56"
"79216","79216","sb;22;15874","sb","22","15874","o.heid","o.heid","","57"
"79270","79270","sb;24;15977","sb","24","15977","o.heid","o.heid","","313"
"79271","79271","sb;24;15978","sb","24","15978","o.heid","o.heid","","314"
"79272","79272","sb;24;15979","sb","24","15979","o.heid","o.heid","","68"
"40580","40580","sb;24;16086","sb","24","16086","short.texts","","2","695"
"40579","40579","sb;24;16087","sb","24","16087","short.texts","","2","801"
"52284","52284","sb;24;16183","sb","24","16183","short.texts","","2","342"
"52300","52300","sb;24;16184","sb","24","16184","short.texts","","2","421"
"79423","79423","sb;24;16277","sb","24","16277","short.texts","","2","479"
"68655","68655","sb;26;16604","sb","26","16604","sb","","28","16920"
"81606","81606","sb;26;16639","sb","26","16639","short.texts","","2","912"
"97211","97211","sb;26;16671","sb","26","16671","sb","p.sijp","26","16671"
"12600","12600","sb;26;16675","sb","26","16675","p.oxy","p.oxy","12","1446"
"77995","77995","p.benaki;;2","p.benaki","","2","sb","sb","26","16684"
"97300","97300","sb;26;16767","sb","26","16767","short.texts","","2","456"
"97304","97304","sb;26;16771","sb","26","16771","short.texts","","2","583"
"97308","97308","sb;26;16775","sb","26","16775","short.texts","","2","840"
"97233","97233","sb;26;16784","sb","26","16784","p.schoyen","","2","27"
"91762","91762","sb;28;16948","sb","28","16948","t.bm.arlt","","","110"
"23663","23663","sb;3;6003","sb","3","6003","p.oxy","p.oxy","64","4441"
"25441","25441","sb;3;6005","sb","3","6005","short.texts","","2","829"
"25442","25442","sb;3;6006","sb","3","6006","short.texts","","2","830"
"18817","18817","sb;3;6007","sb","3","6007","short.texts","","2","831"
"5648","5648","sb;3;6030","sb","3","6030","o.joach","o.joach","","4"
"5652","5652","sb;3;6034","sb","3","6034","o.joach","o.joach","","8"
"25443","25443","sb;3;6138","sb","3","6138","short.texts","","2","564"
"25444","25444","sb;3;6139","sb","3","6139","short.texts","","2","854"
"40602","40602","sb;3;6140","sb","3","6140","short.texts","","2","689"
"31053","31053","sb;3;6141","sb","3","6141","short.texts","","2","737"
"27790","27790","sb;3;6142","sb","3","6142","short.texts","","2","540"
"816","816","sb;3;6735","sb","3","6735","p.cair.zen","p.cair.zen","2","59170"
"40652","40652","sb;3;7069","sb","3","7069","short.texts","","2","619"
"40653","40653","sb;3;7070","sb","3","7070","short.texts","","2","618"
"40655","40655","sb;3;7072","sb","3","7072","short.texts","","2","672"
"40656","40656","sb;3;7073","sb","3","7073","short.texts","","2","875"
"40657","40657","sb;3;7074","sb","3","7074","short.texts","","2","846"
"40658","40658","sb;3;7075","sb","3","7075","short.texts","","2","828"
"40659","40659","sb;3;7076","sb","3","7076","short.texts","","2","724"
"40660","40660","sb;3;7077","sb","3","7077","short.texts","","2","665"
"40661","40661","sb;3;7078","sb","3","7078","short.texts","","2","623"
"40662","40662","sb;3;7079","sb","3","7079","short.texts","","2","739"
"40664","40664","sb;3;7081","sb","3","7081","short.texts","","2","631"
"40665","40665","sb;3;7082","sb","3","7082","short.texts","","2","494"
"40672","40672","sb;3;7090","sb","3","7090","short.texts","","2","435"
"40674","40674","sb;3;7092","sb","3","7092","short.texts","","2","804"
"40675","40675","sb;3;7093","sb","3","7093","short.texts","","2","676"
"40691","40691","sb;3;7109","sb","3","7109","short.texts","","2","887"
"40703","40703","sb;3;7121","sb","3","7121","short.texts","","2","644"
"40706","40706","sb;3;7124","sb","3","7124","short.texts","","2","889"
"10732","10732","sb;4;7378","sb","4","7378","p.fam.tebt","p.fam.tebt","","15"
"10742","10742","sb;4;7404dupl","sb","4","7404dupl","p.fam.tebt","p.fam.tebt","","24dupl"
"58918","58918","sb;4;7448","sb","4","7448","psi","psi","10","1160"
"27337","27337","sb;5;7702","sb","5","7702","short.texts","","2","720"
"27338","27338","sb;5;7703","sb","5","7703","short.texts","","2","480"
"27340","27340","sb;5;7705","sb","5","7705","short.texts","","2","729"
"27345","27345","sb;5;7710","sb","5","7710","short.texts","","2","850"
"27347","27347","sb;5;7712","sb","5","7712","short.texts","","2","818"
"27349","27349","sb;5;7714","sb","5","7714","short.texts","","2","753"
"27352","27352","sb;5;7717","sb","5","7717","short.texts","","2","856"
"27353","27353","sb;5;7718","sb","5","7718","short.texts","","2","680"
"27355","27355","sb;5;7720","sb","5","7720","short.texts","","2","648"
"27356","27356","sb;5;7721","sb","5","7721","short.texts","","2","747"
"27357","27357","sb;5;7722","sb","5","7722","short.texts","","2","748"
"27358","27358","sb;5;7723","sb","5","7723","short.texts","","2","632"
"27359","27359","sb;5;7724","sb","5","7724","short.texts","","2","566"
"27361","27361","sb;5;7726","sb","5","7726","short.texts","","2","506"
"27362","27362","sb;5;7727","sb","5","7727","short.texts","","2","805"
"27363","27363","sb;5;7728","sb","5","7728","short.texts","","2","879"
"27365","27365","sb;5;7730","sb","5","7730","short.texts","","2","614"
"27366","27366","sb;5;7731","sb","5","7731","short.texts","","2","883"
"27367","27367","sb;5;7732","sb","5","7732","short.texts","","2","809"
"27368","27368","sb;5;7733","sb","5","7733","short.texts","","2","811"
"27369","27369","sb;5;7734","sb","5","7734","short.texts","","2","653"
"27370","27370","sb;5;7735","sb","5","7735","short.texts","","2","652"
"17995","17995","sb;5;7736","sb","5","7736","short.texts","","2","621"
"14054","14054","sb;5;8265","sb","5","8265","p.nyu","p.nyu","2","39"
"32887","32887","sb;6;8975","sb","6","8975","p.nyu","p.nyu","2","35"
"21288","21288","sb;6;8998","sb","6","8998","p.mil","p.mil","2","55"
"2180","2180","sb;6;9220","sb","6","9220","psi","psi","6","566"
"10736","10736","sb;6;9252","sb","6","9252","p.fam.tebt","p.fam.tebt","","19"
"14196","14196","sb;6;9415,19","sb","6","9415,19","p.prag.varcl","p.prag.varcl","NS","40"
"19057","19057","sb;6;9457","sb","6","9457","o.claud","o.claud","3","417"
"40720","40720","sb;6;9602_10","sb","6","9602_10","short.texts","","2","489"
"40723","40723","sb;6;9602_9","sb","6","9602_9","short.texts","","2","852"
"13095","13095","sb;6;9614","sb","6","9614","p.sakaon","p.sakaon","","77"
"38833","38833","sb;6;9631","sb","6","9631","p.nyu","p.nyu","2","42"
"28858","28858","sb;8;9656","sb","8","9656","p.mil.vogl","p.mil.vogl","3","203"
"32687","32687","sb;8;9696","sb","8","9696","p.abinn","p.abinn","","78"
"10294","10294","sb;8;9740","sb","8","9740","p.brook","p.brook","","8"
"36842","36842","sb;8;9761","sb","8","9761","p.edfou","p.edfou","2","7"
"10290","10290","sb;8;9866","sb","8","9866","p.brook","p.brook","","23"
"33805","33805","sb;8;9883","sb","8","9883","p.nyu","p.nyu","2","40"
"31995","31995","sb;8;9891","sb","8","9891","p.genova","","5","201"
"12287","12287","sb;8;9898","sb","8","9898","p.mich","p.mich","11","620"
"39632","39632","sb;8;9926","sb","8","9926","p.daris","","","57"
"5236","5236","sb;8;9928","sb","8","9928","p.mil","p.mil","2","23"
"130054","130054","sosol;2013;0420","sosol","2013","0420","o.theb.taxes","o.theb.taxes","2","35"
"37060","37060","stud.pal;10;234","stud.pal","10","234","p.paramone","p.paramone","","17"
"38914","38914","stud.pal;10;30","stud.pal","10","30","p.horak","p.horak","","64"
"17717","17717","stud.pal;13;pg6/7","stud.pal","13","pg6/7","cpr","cpr","17A","19"
"23270","23270","stud.pal;13;pg8,8","stud.pal","13","pg8,8","sb","sb","1","5818"
"23485","23485","stud.pal;13;pg9,19","stud.pal","13","pg9,19","chr.wilck","chr.wilck","","295"
"14904","14904","stud.pal;14;11B","stud.pal","14","11B","sb","sb","20","14726"
"5910","5910","stud.pal;14;3","stud.pal","14","3","upz","upz","1","114/2"
"13972","13972","stud.pal;22;128","stud.pal","22","128","sb","sb","1","5102"
"35513","35513","stud.pal;3;382","stud.pal","3","382","p.kramer","p.kramer","","13"
"37518","37518","stud.pal;3(2).1;1","stud.pal","3(2).1","1","p.eirene","p.eirene","1","13"
"33242","33242","stud.pal;3(2).1;113","stud.pal","3(2).1","113","bgu","bgu","3","828"
"41367","41367","stud.pal;3(2).1;115","stud.pal","3(2).1","115","sb","sb","1","5690"
"37519","37519","stud.pal;3(2).1;2","stud.pal","3(2).1","2","p.eirene","p.eirene","1","14"
"37520","37520","stud.pal;3(2).1;3","stud.pal","3(2).1","3","p.eirene","p.eirene","1","15"
"37521","37521","stud.pal;3(2).1;4","stud.pal","3(2).1","4","p.eirene","p.eirene","1","16"
"37522","37522","stud.pal;3(2).1;5","stud.pal","3(2).1","5","p.eirene","p.eirene","1","17"
"37523","37523","stud.pal;3(2).1;6+74","stud.pal","3(2).1","6+74","p.eirene","p.eirene","1","18"
"41371","41371","stud.pal;3(2).2;124","stud.pal","3(2).2","124","sb","sb","20","14985"
"38344","38344","stud.pal;3(2).2;125","stud.pal","3(2).2","125","sb","sb","1","4487"
"39579","39579","stud.pal;3(2).2;128","stud.pal","3(2).2","128","p.grenf","p.grenf","1","68"
"37078","37078","stud.pal;3(2).2;129","stud.pal","3(2).2","129","bgu","bgu","3","795"
"35175","35175","stud.pal;3(2).5;450","stud.pal","3(2).5","450","sb","sb","18","14003"
"39581","39581","stud.pal;3(2).5;468","stud.pal","3(2).5","468","p.grenf","p.grenf","2","101"
"35177","35177","stud.pal;3(2).5;479b","stud.pal","3(2).5","479b","sb","sb","18","14005"
"35174","35174","stud.pal;3(2).5;479c","stud.pal","3(2).5","479c","sb","sb","18","14002"
"39583","39583","stud.pal;3(2).5;506","stud.pal","3(2).5","506","p.grenf","p.grenf","2","104"
"39202","39202","stud.pal;3(2).5;511","stud.pal","3(2).5","511","cpr","cpr","14","19"
"39203","39203","stud.pal;3(2).5;512","stud.pal","3(2).5","512","cpr","cpr","14","20"
"107317","107317","stud.pal;3(2).5;512a","stud.pal","3(2).5","512a","cpr","cpr","14","20"
"39204","39204","stud.pal;3(2).5;513","stud.pal","3(2).5","513","cpr","cpr","14","21"
"39206","39206","stud.pal;3(2).5;515","stud.pal","3(2).5","515","cpr","cpr","14","23"
"39207","39207","stud.pal;3(2).5;546","stud.pal","3(2).5","546","cpr","cpr","14","24"
"39210","39210","stud.pal;3(2).5;548","stud.pal","3(2).5","548","cpr","cpr","14","27"
"39209","39209","stud.pal;3(2).5;552","stud.pal","3(2).5","552","cpr","cpr","14","26"
"35147","35147","stud.pal;3(2).5;556","stud.pal","3(2).5","556","sb","sb","18","13975"
"39208","39208","stud.pal;3(2).5;568","stud.pal","3(2).5","568","cpr","cpr","14","25"
"32081","32081","stud.pal;7;1","stud.pal","7","1","short.texts","","2","806"
"26008","26008","stud.pal;7;12","stud.pal","7","12","short.texts","","2","726"
"26009","26009","stud.pal;7;13","stud.pal","7","13","short.texts","","2","758"
"26010","26010","stud.pal;7;14","stud.pal","7","14","short.texts","","2","668"
"29366","29366","stud.pal;7;15","stud.pal","7","15","short.texts","","2","752"
"26011","26011","stud.pal;7;17","stud.pal","7","17","short.texts","","2","483"
"29408","29408","stud.pal;7;19","stud.pal","7","19","sb","sb","1","4176"
"32082","32082","stud.pal;7;2","stud.pal","7","2","short.texts","","2","810"
"26006","26006","stud.pal;7;3","stud.pal","7","3","short.texts","","2","837"
"29365","29365","stud.pal;7;4","stud.pal","7","4","short.texts","","2","634"
"26007","26007","stud.pal;7;9","stud.pal","7","9","short.texts","","2","743"
"38230","38230","stud.pal;8;1138","stud.pal","8","1138","p.grenf","p.grenf","2","103"
"38228","38228","stud.pal;8;1156","stud.pal","8","1156","p.grenf","p.grenf","2","98"
"38883","38883","stud.pal;8;1159","stud.pal","8","1159","p.lond","p.lond","1","113-9B-pg221"
"39580","39580","stud.pal;8;737","stud.pal","8","737","p.grenf","p.grenf","1","69"
"35631","35631","stud.pal;8;772","stud.pal","8","772","p.bingen","p.bingen","","135"
"35707","35707","stud.pal;8;773","stud.pal","8","773","p.grenf","p.grenf","2","99"
"38886","38886","stud.pal;8;944","stud.pal","8","944","p.lond","p.lond","1","113-9E-pg221"
"54584","54584","t.mom.louvre;;102","t.mom.louvre","","102","short.texts","","2","591"
"51604","51604","t.mom.louvre;;710","t.mom.louvre","","710","short.texts","","2","529"
"51900","51900","t.mom.louvre;;816","t.mom.louvre","","816","short.texts","","2","592"
"29377","29377","t.mom.louvre;;817","t.mom.louvre","","817","short.texts","","2","666"
"29379","29379","t.mom.louvre;;832","t.mom.louvre","","832","short.texts","","2","611"
"29383","29383","t.mom.louvre;;866","t.mom.louvre","","866","short.texts","","2","647"
"29384","29384","t.mom.louvre;;873","t.mom.louvre","","873","short.texts","","2","609"
"29373","29373","t.mom.louvre;;896","t.mom.louvre","","896","short.texts","","2","657"
"51605","51605","t.mom.louvre;;920","t.mom.louvre","","920","short.texts","","2","531"
"3562","3562","upz;2;161","upz","2","161","p.tor.choach","p.tor.choach","","11bis"
"3563","3563","upz;2;162","upz","2","162","p.tor.choach","p.tor.choach","","12"
"3638","3638","upz;2;170","upz","2","170","p.tor.choach","p.tor.choach","","8"
"4382","4382","zpe;156;168","zpe","156","168","sb","sb","12","10895"
"4244","4244","zpe;160;178","zpe","160","178","sb","sb","14","11435"
"20670","20670","zpe;160;183","zpe","160","183","p.oxy","p.oxy","3","615"
"20671","20671","zpe;160;184","zpe","160","184","p.oxy","p.oxy","3","616"
"20672","20672","zpe;160;186","zpe","160","186","p.oxy","p.oxy","3","617"
"20673","20673","zpe;160;186_2","zpe","160","186_2","p.oxy","p.oxy","3","618"
"20674","20674","zpe;160;188","zpe","160","188","p.oxy","p.oxy","3","619"
"20675","20675","zpe;160;189","zpe","160","189","p.oxy","p.oxy","3","620"
"20676","20676","zpe;160;190","zpe","160","190","p.oxy","p.oxy","3","621"
"20677","20677","zpe;160;190_2","zpe","160","190_2","p.oxy","p.oxy","3","622"
"20678","20678","zpe;160;191","zpe","160","191","p.oxy","p.oxy","3","628"
"20679","20679","zpe;160;192","zpe","160","192","p.oxy","p.oxy","3","629"
"20680","20680","zpe;160;194","zpe","160","194","p.oxy","p.oxy","3","630"
"20681","20681","zpe;160;194_2","zpe","160","194_2","p.oxy","p.oxy","3","631"
"20682","20682","zpe;160;195","zpe","160","195","p.oxy","p.oxy","3","632"
"10361","10361","zpe;172;173","zpe","172","173","p.cair.isid","p.cair.isid","","32"
"24233","24233","zpe;174;168","zpe","174","168","p.eleph.wagner","p.eleph.wagner","1","53"
"76737","76737","zpe;202;228","zpe","202","228","o.wilck","o.wilck","","167"
"24239","24239","zpe;202;231","zpe","202","231","p.eleph.wagner","p.eleph.wagner","1","64"
"699481","699481","zpe;202;232","zpe","202","232","o.bankes","","","8"
"78061","78061","zpe;202;235","zpe","202","235","p.bingen","p.bingen","","93"
"699496","699496","zpe;202;237","zpe","202","237","o.bankes","","","23"
"699500","699500","zpe;202;239","zpe","202","239","o.bankes","","","27"
"699515","699515","zpe;202;244","zpe","202","244","o.bankes","","","42"
"699546","699546","zpe;202;246","zpe","202","246","o.bankes","","","72"
"699554","699554","zpe;202;247","zpe","202","247","o.bankes","","","80"
